Customer ID,recency,frequency,monetary,cluster
12346.0,325.0,12,77556.46,0
12347.0,1.0,8,5633.32,0
12348.0,74.0,5,2019.4,0
12349.0,18.0,4,4428.69,0
12350.0,309.0,1,334.4,1
12351.0,374.0,1,300.93,1
12352.0,35.0,10,2849.84,0
12353.0,203.0,2,406.76,0
12354.0,231.0,1,1079.4,0
12355.0,213.0,2,947.61,0
12356.0,22.0,6,6373.68,0
12357.0,32.0,3,18287.66,0
12358.0,1.0,5,3887.07,0
12359.0,57.0,10,8935.94,0
12360.0,51.0,8,4252.89,0
12361.0,286.0,4,511.25,1
12362.0,2.0,11,5356.23,0
12363.0,109.0,2,552.0,0
12364.0,7.0,4,1313.1,0
12365.0,290.0,2,641.38,1
12366.0,633.0,1,500.24,1
12367.0,3.0,1,168.9,0
12368.0,627.0,1,917.7,1
12369.0,412.0,3,1791.15,1
12370.0,50.0,7,4320.31,0
12371.0,44.0,5,4067.38,0
12372.0,71.0,3,1298.04,0
12373.0,310.0,3,1127.65,1
12374.0,24.0,4,2989.22,0
12375.0,10.0,2,457.5,0
12376.0,389.0,2,503.15,1
12377.0,314.0,4,3426.32,1
12378.0,129.0,2,5416.32,0
12379.0,81.0,4,1620.22,0
12380.0,21.0,11,9676.3,0
12381.0,4.0,5,1845.31,0
12383.0,184.0,5,1850.56,0
12384.0,28.0,2,585.27,0
12385.0,378.0,1,1938.4,1
12386.0,337.0,2,660.8,1
12387.0,414.0,1,143.94,1
12388.0,15.0,8,3901.11,0
12389.0,402.0,3,1433.33,1
12390.0,79.0,1,549.84,0
12391.0,21.0,6,2773.42,0
12392.0,590.0,1,234.75,1
12393.0,71.0,6,2399.45,0
12394.0,63.0,2,1272.48,0
12395.0,18.0,15,5067.27,0
12396.0,673.0,1,931.43,1
12397.0,35.0,2,2409.9,0
12398.0,45.0,1,1635.66,0
12399.0,118.0,7,1962.3,0
12400.0,413.0,1,205.25,1
12401.0,302.0,1,84.3,1
12402.0,322.0,6,1256.9,1
12403.0,49.0,2,1019.36,0
12404.0,681.0,1,63.24,1
12405.0,148.0,1,1710.39,0
12406.0,21.0,5,6390.36,0
12407.0,49.0,5,1708.12,0
12408.0,32.0,8,4340.77,0
12409.0,78.0,7,23419.29,0
12410.0,308.0,3,1013.71,1
12411.0,409.0,1,346.9,1
12412.0,74.0,6,2596.93,0
12413.0,66.0,4,999.45,0
12414.0,216.0,6,952.41,0
12415.0,23.0,28,144458.37,2
12416.0,656.0,1,202.56,1
12417.0,2.0,20,6816.91,0
12418.0,112.0,4,2021.2,0
12419.0,385.0,2,503.01,1
12420.0,63.0,1,600.39,0
12421.0,15.0,6,1098.6,0
12422.0,95.0,17,5231.8,0
12423.0,0.0,10,2622.39,0
12424.0,162.0,4,3340.03,0
12425.0,77.0,2,1741.41,0
12426.0,194.0,2,1345.21,0
12427.0,21.0,3,1129.3,0
12428.0,25.0,9,7956.46,0
12429.0,8.0,8,7485.91,0
12430.0,42.0,1,256.4,0
12431.0,35.0,27,10857.97,0
12432.0,42.0,5,5059.32,0
12433.0,0.0,10,20581.26,0
12434.0,84.0,3,1103.43,0
12435.0,79.0,6,13925.93,0
12436.0,99.0,1,509.01,0
12437.0,1.0,39,12683.4,0
12438.0,13.0,2,2906.85,0
12439.0,682.0,2,1158.18,1
12440.0,461.0,2,859.2,1
12441.0,366.0,1,347.1,1
12442.0,2.0,1,172.06,0
12443.0,731.0,1,485.31,1
12444.0,20.0,5,5005.46,0
12445.0,21.0,2,434.98,0
12446.0,57.0,1,1002.31,0
12447.0,242.0,1,476.49,0
12448.0,43.0,1,449.45,0
12449.0,21.0,6,4835.89,0
12450.0,155.0,5,688.2,0
12451.0,10.0,8,12669.88,0
12452.0,16.0,2,430.57,0
12453.0,133.0,1,707.09,0
12454.0,55.0,5,16679.78,0
12455.0,72.0,10,5879.95,0
12456.0,43.0,3,3181.04,0
12457.0,65.0,8,2995.91,0
12458.0,70.0,4,1777.49,0
12459.0,604.0,1,454.36,1
12460.0,455.0,1,326.65,1
12461.0,93.0,2,826.88,0
12462.0,18.0,2,1189.59,0
12463.0,52.0,4,1344.78,0
12464.0,9.0,8,1212.05,0
12465.0,16.0,2,742.19,0
12466.0,681.0,1,56.73,1
12467.0,422.0,1,132.8,1
12468.0,187.0,5,3670.74,0
12469.0,522.0,2,3070.54,1
12470.0,689.0,1,211.95,1
12471.0,1.0,79,39963.79,0
12472.0,31.0,19,17880.59,0
12473.0,28.0,5,3938.55,0
12474.0,16.0,31,12424.45,0
12475.0,53.0,2,1149.64,0
12476.0,15.0,23,14115.41,0
12477.0,22.0,9,20276.37,0
12478.0,3.0,1,680.99,0
12479.0,10.0,1,527.2,0
12480.0,27.0,7,5464.85,0
12481.0,22.0,15,12361.39,0
12482.0,575.0,29,23691.4,1
12483.0,16.0,19,5120.58,0
12484.0,32.0,12,6370.15,0
12485.0,528.0,1,708.1,1
12486.0,431.0,1,1037.28,1
12487.0,730.0,1,285.3,1
12488.0,9.0,3,1298.66,0
12489.0,335.0,1,334.93,1
12490.0,4.0,21,9823.64,0
12491.0,38.0,1,460.4,0
12492.0,62.0,3,715.21,0
12493.0,165.0,2,433.74,0
12494.0,15.0,9,1872.87,0
12495.0,640.0,1,357.4,1
12496.0,619.0,2,54.09,1
12497.0,81.0,3,6248.5,0
12498.0,20.0,3,403.7,0
12499.0,559.0,1,393.72,1
12500.0,22.0,19,5955.21,0
12501.0,336.0,1,2169.39,1
12502.0,95.0,5,3723.87,0
12503.0,583.0,1,1126.0,1
12504.0,17.0,4,779.05,0
12505.0,408.0,1,955.2,1
12506.0,232.0,1,73.5,0
12507.0,133.0,4,1844.06,0
12508.0,25.0,2,398.27,0
12509.0,283.0,1,176.5,1
12510.0,142.0,9,5178.02,0
12511.0,428.0,1,3084.02,1
12512.0,65.0,2,138.03,0
12513.0,112.0,1,612.29,0
12514.0,266.0,2,1597.76,1
12515.0,352.0,1,383.7,1
12516.0,77.0,4,2648.62,0
12517.0,27.0,5,2502.84,0
12518.0,0.0,5,2056.89,0
12519.0,63.0,2,726.54,0
12520.0,78.0,5,2634.26,0
12521.0,142.0,1,599.68,0
12522.0,38.0,2,192.72,0
12523.0,18.0,23,4372.15,0
12524.0,8.0,17,11126.11,0
12525.0,497.0,3,973.73,1
12526.0,0.0,3,1316.66,0
12527.0,81.0,5,735.51,0
12528.0,8.0,6,1933.48,0
12529.0,527.0,1,316.48,1
12530.0,59.0,9,3759.26,0
12531.0,14.0,2,1933.2,0
12532.0,29.0,1,349.83,0
12533.0,627.0,2,1367.89,1
12534.0,130.0,1,1089.18,0
12535.0,91.0,2,716.35,0
12536.0,42.0,3,12601.83,0
12537.0,408.0,1,732.94,1
12538.0,28.0,2,640.45,0
12539.0,21.0,7,11214.75,0
12540.0,19.0,33,22254.49,0
12541.0,29.0,3,981.18,0
12542.0,483.0,2,481.88,1
12543.0,447.0,1,980.25,1
12544.0,35.0,1,372.7,0
12545.0,74.0,2,1000.39,0
12546.0,46.0,2,1161.5,0
12547.0,197.0,3,383.58,0
12548.0,165.0,1,95.2,0
12549.0,575.0,6,1575.68,1
12550.0,78.0,1,964.83,0
12551.0,357.0,1,168.0,1
12552.0,38.0,2,437.82,0
12553.0,7.0,12,4608.75,0
12554.0,448.0,1,468.5,1
12555.0,681.0,1,129.23,1
12556.0,49.0,2,603.71,0
12557.0,15.0,8,18716.14,0
12558.0,7.0,1,269.96,0
12559.0,310.0,2,561.71,1
12560.0,4.0,3,2134.01,0
12561.0,302.0,1,238.85,1
12562.0,7.0,9,4966.92,0
12563.0,408.0,1,249.24,1
12564.0,260.0,1,456.9,1
12565.0,288.0,1,145.92,1
12566.0,85.0,1,351.65,0
12567.0,22.0,15,13709.86,0
12568.0,644.0,1,70.0,1
12569.0,1.0,32,4124.69,0
12570.0,681.0,1,77.52,1
12571.0,39.0,2,519.61,0
12572.0,8.0,2,1020.42,0
12573.0,226.0,5,717.41,0
12574.0,315.0,1,218.45,1
12575.0,456.0,2,622.82,1
12576.0,35.0,8,2142.72,0
12577.0,34.0,8,1653.75,0
12578.0,20.0,4,4642.45,0
12579.0,77.0,1,440.42,0
12580.0,246.0,2,1052.9,0
12581.0,39.0,1,197.71,0
12582.0,238.0,4,1980.4,0
12583.0,2.0,27,14447.44,0
12584.0,3.0,9,2338.15,0
12585.0,233.0,2,2040.1,0
12586.0,16.0,4,2062.67,0
12587.0,7.0,1,144.0,0
12588.0,38.0,4,958.78,0
12589.0,28.0,8,4695.66,0
12590.0,210.0,2,9864.26,0
12591.0,316.0,3,1352.15,1
12592.0,91.0,5,2582.66,0
12593.0,108.0,3,418.1,0
12594.0,37.0,15,5090.11,0
12595.0,504.0,1,299.02,1
12596.0,50.0,2,618.27,0
12597.0,18.0,4,3811.22,0
12598.0,9.0,11,4534.09,0
12599.0,28.0,13,2296.72,0
12600.0,28.0,21,5043.92,0
12601.0,189.0,6,681.26,0
12602.0,58.0,1,153.12,0
12603.0,21.0,1,739.2,0
12604.0,78.0,2,254.18,0
12605.0,375.0,4,1232.95,1
12606.0,681.0,1,21.0,1
12607.0,59.0,1,1579.51,0
12608.0,404.0,1,415.79,1
12609.0,77.0,9,3435.86,0
12610.0,22.0,5,2099.54,0
12611.0,51.0,1,1193.32,0
12612.0,73.0,1,704.04,0
12613.0,56.0,10,6835.07,0
12614.0,277.0,1,315.6,1
12615.0,1.0,8,5740.98,0
12616.0,94.0,3,1131.1,0
12617.0,28.0,1,355.53,0
12618.0,21.0,1,177.31,0
12619.0,15.0,10,3781.38,0
12620.0,14.0,3,1339.41,0
12621.0,1.0,35,24775.81,0
12622.0,231.0,1,180.1,0
12623.0,275.0,7,3747.84,1
12624.0,105.0,2,641.13,0
12625.0,211.0,4,5164.88,0
12626.0,22.0,9,6620.48,0
12627.0,10.0,7,4478.53,0
12628.0,3.0,3,786.46,0
12629.0,385.0,2,1558.22,1
12630.0,9.0,2,1270.88,0
12631.0,56.0,6,3481.57,0
12632.0,520.0,2,804.88,1
12633.0,58.0,7,5678.16,0
12634.0,535.0,2,490.0,1
12635.0,89.0,4,2930.41,0
12636.0,738.0,1,141.0,1
12637.0,66.0,12,8340.31,0
12638.0,32.0,2,921.49,0
12639.0,238.0,3,1312.37,0
12640.0,23.0,3,1174.58,0
12641.0,114.0,1,185.9,0
12642.0,24.0,3,1013.26,0
12643.0,127.0,12,8350.42,0
12644.0,129.0,4,1918.49,0
12645.0,33.0,8,3539.3,0
12646.0,4.0,2,1346.97,0
12647.0,21.0,36,17924.35,0
12648.0,154.0,4,1112.0,0
12649.0,106.0,8,2294.65,0
12650.0,2.0,1,314.44,0
12651.0,334.0,4,377.75,1
12652.0,330.0,2,1017.03,1
12653.0,148.0,3,4160.83,0
12654.0,10.0,5,601.98,0
12655.0,423.0,1,261.35,1
12656.0,16.0,8,6407.83,0
12657.0,10.0,4,1643.18,0
12658.0,18.0,1,686.05,0
12659.0,29.0,1,91.68,0
12660.0,10.0,1,245.1,0
12661.0,435.0,1,162.0,1
12662.0,0.0,20,6988.02,0
12663.0,624.0,2,239.4,1
12664.0,7.0,11,6070.04,0
12665.0,324.0,3,313.6,1
12666.0,393.0,1,1248.42,1
12667.0,57.0,1,620.13,0
12668.0,11.0,10,11444.68,0
12669.0,150.0,3,2744.03,0
12670.0,9.0,7,3760.29,0
12671.0,605.0,1,2622.481,1
12672.0,329.0,2,437.05,1
12673.0,4.0,3,1230.02,0
12674.0,38.0,4,1970.6,0
12675.0,553.0,2,958.5,1
12676.0,24.0,11,2843.09,0
12677.0,554.0,2,395.1,1
12678.0,41.0,21,34281.18,0
12679.0,58.0,4,1113.02,0
12680.0,0.0,4,880.81,0
12681.0,14.0,45,30868.28,0
12682.0,3.0,52,24033.91,0
12683.0,3.0,21,12696.78,0
12684.0,7.0,7,2283.63,0
12685.0,27.0,6,2863.08,0
12686.0,371.0,1,178.28,1
12687.0,480.0,2,2138.91,1
12688.0,113.0,1,4873.81,0
12689.0,25.0,2,1247.61,0
12690.0,205.0,1,389.01,0
12691.0,27.0,7,1170.4,0
12692.0,636.0,1,110.95,1
12693.0,126.0,7,1703.02,0
12694.0,69.0,3,1843.35,0
12695.0,6.0,7,1407.12,0
12696.0,434.0,2,851.91,1
12697.0,28.0,3,957.59,0
12698.0,589.0,1,339.75,1
12699.0,417.0,1,638.11,1
12700.0,7.0,4,4939.99,0
12701.0,79.0,6,2446.41,0
12702.0,19.0,1,219.0,0
12703.0,70.0,4,1006.53,0
12704.0,6.0,8,2340.84,0
12705.0,14.0,14,11762.1,0
12707.0,291.0,1,603.42,1
12708.0,29.0,18,5314.1,0
12709.0,14.0,34,31093.34,0
12710.0,96.0,3,1149.02,0
12711.0,611.0,2,1339.05,1
12712.0,28.0,21,7193.66,0
12713.0,0.0,1,848.55,0
12714.0,8.0,12,14093.71,0
12715.0,105.0,1,353.86,0
12716.0,3.0,2,1053.49,0
12717.0,150.0,3,1308.91,0
12718.0,70.0,1,238.25,0
12719.0,4.0,2,644.95,0
12720.0,2.0,30,8260.67,0
12721.0,31.0,8,4013.08,0
12722.0,84.0,4,997.63,0
12723.0,3.0,5,725.07,0
12724.0,4.0,7,2317.52,0
12725.0,370.0,4,2694.56,1
12726.0,27.0,11,4014.6,0
12727.0,10.0,10,5679.53,0
12728.0,70.0,5,1070.17,0
12729.0,113.0,1,453.01,0
12730.0,521.0,1,829.25,1
12731.0,23.0,17,25775.71,0
12732.0,179.0,1,236.26,0
12733.0,233.0,4,2424.87,0
12734.0,352.0,3,639.65,1
12735.0,314.0,2,779.57,1
12736.0,332.0,1,234.0,1
12737.0,498.0,2,3710.5,1
12738.0,371.0,1,310.7,1
12739.0,77.0,4,2726.73,0
12740.0,63.0,1,427.6,0
12741.0,528.0,2,406.07,1
12742.0,625.0,1,1201.52,1
12743.0,133.0,2,546.43,0
12744.0,51.0,11,25317.06,0
12745.0,486.0,3,925.41,1
12746.0,540.0,1,254.55,1
12747.0,1.0,26,9276.54,0
12748.0,0.0,337,56599.39,2
12749.0,3.0,9,6897.36,0
12750.0,128.0,1,275.88,0
12751.0,444.0,1,268.27,1
12752.0,80.0,1,4366.78,0
12753.0,22.0,6,21429.39,0
12754.0,235.0,3,3010.74,0
12755.0,280.0,11,9030.66,0
12756.0,86.0,1,112.08,0
12757.0,15.0,13,7857.1,0
12758.0,116.0,7,9903.24,0
12759.0,51.0,8,5020.74,0
12760.0,455.0,1,347.8,1
12761.0,457.0,2,782.95,1
12762.0,7.0,2,1898.52,0
12763.0,137.0,2,814.16,0
12764.0,316.0,1,1693.88,1
12765.0,471.0,6,1404.58,1
12766.0,3.0,9,10068.28,0
12767.0,375.0,1,949.82,1
12768.0,450.0,1,168.69,1
12769.0,238.0,1,1143.6,0
12770.0,210.0,2,3246.45,0
12771.0,485.0,1,282.3,1
12772.0,59.0,1,892.47,0
12773.0,563.0,1,124.25,1
12774.0,535.0,1,98.7,1
12775.0,16.0,7,1686.12,0
12776.0,667.0,1,55.5,1
12777.0,457.0,1,519.45,1
12778.0,19.0,9,1775.68,0
12779.0,37.0,14,6722.27,0
12780.0,598.0,1,337.4,1
12781.0,63.0,2,826.74,0
12782.0,4.0,11,4618.24,0
12783.0,1.0,6,2225.91,0
12784.0,8.0,3,1804.75,0
12785.0,363.0,3,1100.4,1
12786.0,609.0,1,728.5,1
12787.0,9.0,4,862.18,0
12788.0,462.0,4,444.9,1
12789.0,64.0,3,273.35,0
12790.0,191.0,2,591.85,0
12791.0,373.0,6,1056.11,1
12792.0,256.0,2,827.01,1
12793.0,334.0,3,1017.33,1
12794.0,52.0,2,860.41,0
12795.0,18.0,1,430.48,0
12796.0,627.0,1,381.0,1
12797.0,365.0,2,806.11,1
12798.0,9.0,4,8510.93,0
12799.0,528.0,1,219.35,1
12800.0,469.0,3,584.25,1
12801.0,500.0,1,1071.82,1
12802.0,186.0,7,2416.42,0
12803.0,392.0,1,1092.81,1
12804.0,465.0,2,327.02,1
12805.0,381.0,4,1434.95,1
12806.0,434.0,4,2878.96,1
12807.0,382.0,1,330.35,1
12808.0,36.0,5,906.1,0
12809.0,177.0,3,1755.94,0
12810.0,534.0,2,534.99,1
12811.0,260.0,5,1033.9,0
12812.0,44.0,1,229.64,0
12813.0,501.0,3,1687.8,1
12814.0,101.0,1,125.92,0
12815.0,147.0,2,1063.46,0
12816.0,95.0,2,572.2,0
12817.0,280.0,3,690.98,1
12818.0,261.0,1,1542.08,1
12819.0,457.0,1,540.52,1
12820.0,2.0,11,2689.52,0
12821.0,213.0,2,220.8,0
12822.0,70.0,2,948.88,0
12823.0,74.0,18,6501.5,0
12824.0,59.0,1,397.12,0
12825.0,520.0,2,518.63,1
12826.0,2.0,12,2955.75,0
12827.0,5.0,3,430.15,0
12828.0,2.0,6,1018.71,0
12829.0,336.0,3,385.3,1
12830.0,37.0,6,6814.64,0
12831.0,261.0,3,451.11,1
12832.0,31.0,2,383.03,0
12833.0,144.0,1,417.38,0
12834.0,282.0,1,312.38,1
12835.0,427.0,41,6043.31,1
12836.0,58.0,15,6585.62,0
12837.0,172.0,2,688.41,0
12838.0,33.0,10,3398.48,0
12839.0,2.0,26,10071.73,0
12840.0,143.0,7,4041.97,0
12841.0,4.0,40,7540.68,0
12842.0,69.0,4,1917.99,0
12843.0,65.0,30,6588.41,0
12844.0,28.0,4,648.6,0
12845.0,266.0,4,354.09,1
12846.0,681.0,1,15.58,1
12847.0,21.0,2,1636.9,0
12848.0,675.0,1,208.0,1
12849.0,30.0,6,3090.56,0
12850.0,445.0,1,330.0,1
12851.0,96.0,2,284.13,0
12852.0,294.0,1,311.55,1
12853.0,134.0,11,3907.5,0
12854.0,78.0,7,2994.02,0
12855.0,372.0,4,650.94,1
12856.0,7.0,6,2179.93,0
12857.0,210.0,6,3688.0,0
12858.0,382.0,1,177.92,1
12859.0,458.0,1,575.1,1
12860.0,692.0,1,55.47,1
12861.0,619.0,1,68.25,1
12862.0,425.0,2,1008.32,1
12863.0,51.0,6,2792.55,0
12864.0,137.0,2,299.57,0
12865.0,25.0,4,3323.47,0
12866.0,282.0,3,1227.35,1
12867.0,25.0,13,7913.29,0
12868.0,185.0,8,2247.06,0
12869.0,681.0,1,337.67,1
12870.0,374.0,3,1676.95,1
12871.0,83.0,3,744.02,0
12872.0,326.0,12,3685.49,1
12873.0,281.0,3,2027.3,1
12874.0,384.0,2,948.42,1
12875.0,142.0,5,1356.99,0
12876.0,57.0,4,4081.79,0
12877.0,3.0,20,2955.17,0
12878.0,235.0,2,854.99,0
12879.0,44.0,3,573.22,0
12880.0,381.0,2,640.13,1
12881.0,275.0,1,298.0,1
12882.0,8.0,2,1463.04,0
12883.0,24.0,4,703.47,0
12884.0,87.0,1,309.05,0
12885.0,62.0,3,1175.22,0
12886.0,67.0,2,1378.4,0
12887.0,383.0,1,222.4,1
12888.0,213.0,2,354.12,0
12889.0,380.0,4,385.46,1
12890.0,23.0,2,717.27,0
12891.0,185.0,11,840.5,0
12892.0,396.0,1,263.38,1
12893.0,30.0,1,188.14,0
12894.0,574.0,1,157.35,1
12895.0,41.0,2,372.8,0
12897.0,204.0,4,514.25,0
12898.0,463.0,2,310.96,1
12899.0,413.0,1,366.4,1
12900.0,421.0,1,340.33,1
12901.0,8.0,28,17654.54,0
12902.0,264.0,1,138.68,1
12903.0,428.0,1,833.53,1
12904.0,17.0,2,509.58,0
12905.0,576.0,2,1018.42,1
12906.0,11.0,5,2919.81,0
12907.0,395.0,2,508.91,1
12908.0,175.0,5,1776.0,0
12909.0,39.0,8,3103.19,0
12910.0,22.0,13,5796.52,0
12911.0,551.0,1,1680.47,1
12912.0,2.0,5,1662.3,0
12913.0,4.0,13,6700.86,0
12914.0,400.0,1,223.98,1
12915.0,148.0,4,1174.75,0
12916.0,138.0,7,4654.02,0
12917.0,127.0,6,4359.2,0
12918.0,625.0,1,10953.5,1
12919.0,7.0,6,1335.19,0
12920.0,16.0,4,488.09,0
12921.0,8.0,74,35921.04,0
12922.0,160.0,1,405.38,0
12923.0,63.0,3,789.87,0
12924.0,87.0,12,2469.4,0
12925.0,4.0,3,729.33,0
12926.0,410.0,4,1548.46,1
12927.0,394.0,1,197.31,1
12928.0,34.0,12,4304.89,0
12929.0,311.0,1,117.85,1
12930.0,77.0,2,415.8,0
12931.0,21.0,57,92347.34,0
12932.0,538.0,8,1698.56,1
12933.0,23.0,8,1687.03,0
12934.0,736.0,1,181.65,1
12935.0,1.0,15,4243.86,0
12936.0,16.0,4,1063.9,0
12937.0,14.0,9,3097.61,0
12938.0,25.0,1,114.14,0
12939.0,63.0,20,25264.8,0
12940.0,54.0,2,913.54,0
12941.0,723.0,1,377.49,1
12942.0,130.0,3,942.65,0
12943.0,557.0,2,496.5,1
12944.0,35.0,2,604.51,0
12945.0,287.0,2,900.11,1
12946.0,436.0,1,324.45,1
12947.0,143.0,6,1908.03,0
12948.0,15.0,9,2317.43,0
12949.0,30.0,22,15526.7,0
12950.0,1.0,3,1843.0,0
12951.0,8.0,15,3213.72,0
12952.0,5.0,4,1387.79,0
12953.0,9.0,2,828.81,0
12954.0,638.0,1,162.45,1
12955.0,0.0,11,4757.16,0
12956.0,305.0,4,521.89,1
12957.0,9.0,13,8706.97,0
12958.0,399.0,2,539.49,1
12959.0,483.0,1,150.95,1
12960.0,413.0,4,1322.07,1
12961.0,378.0,1,211.99,1
12962.0,6.0,2,266.39,0
12963.0,7.0,12,3601.59,0
12964.0,436.0,1,132.24,1
12965.0,88.0,1,771.91,0
12966.0,9.0,1,160.18,0
12967.0,357.0,3,4306.92,1
12968.0,111.0,1,135.95,0
12969.0,602.0,1,122.45,1
12970.0,6.0,10,1524.97,0
12971.0,3.0,116,15972.79,0
12972.0,413.0,4,1161.2,1
12973.0,413.0,1,385.55,1
12974.0,197.0,2,408.95,0
12975.0,436.0,6,2100.09,1
12976.0,211.0,8,3156.38,0
12977.0,155.0,4,517.63,0
12978.0,384.0,5,2502.82,1
12979.0,728.0,1,517.7,1
12980.0,157.0,21,16245.78,0
12981.0,29.0,2,372.22,0
12982.0,242.0,8,2744.81,0
12983.0,597.0,1,490.08,1
12984.0,18.0,1,97.5,0
12985.0,0.0,2,1239.38,0
12986.0,428.0,10,2729.84,1
12987.0,73.0,5,1312.21,0
12988.0,291.0,1,535.32,1
12989.0,2.0,33,13551.75,0
12990.0,30.0,7,955.5,0
12991.0,22.0,3,764.82,0
12992.0,724.0,1,93.35,1
12993.0,22.0,8,1259.63,0
12994.0,3.0,3,974.42,0
12995.0,84.0,1,211.32,0
12996.0,375.0,1,355.5,1
12997.0,21.0,8,2110.91,0
12998.0,492.0,3,920.08,1
12999.0,195.0,3,455.88,0
13000.0,106.0,4,1032.5,0
13001.0,3.0,33,24172.1,0
13002.0,317.0,3,414.13,1
13003.0,105.0,3,149.05,0
13004.0,11.0,36,11650.85,0
13005.0,173.0,4,999.68,0
13006.0,55.0,1,81.57,0
13007.0,579.0,1,175.25,1
13008.0,322.0,3,612.13,1
13009.0,672.0,1,234.0,1
13010.0,373.0,2,330.12,1
13011.0,371.0,1,101.1,1
13012.0,8.0,11,2972.83,0
13013.0,0.0,29,12625.77,0
13014.0,10.0,11,5381.08,0
13015.0,52.0,11,6586.42,0
13016.0,72.0,3,789.89,0
13017.0,6.0,1,204.0,0
13018.0,15.0,35,9763.16,0
13019.0,378.0,6,1229.95,1
13020.0,562.0,2,618.96,1
13021.0,3.0,17,4887.24,0
13022.0,429.0,1,65.3,1
13023.0,63.0,3,1449.03,0
13024.0,470.0,2,555.87,1
13025.0,731.0,1,323.39,1
13026.0,0.0,9,1733.08,0
13027.0,113.0,19,17335.2,0
13028.0,22.0,2,661.32,0
13029.0,30.0,5,1927.3,0
13030.0,10.0,2,1227.22,0
13031.0,406.0,5,3419.27,1
13032.0,51.0,9,2843.55,0
13033.0,356.0,2,220.55,1
13034.0,54.0,3,922.68,0
13035.0,73.0,3,1364.2,0
13036.0,684.0,1,307.1,1
13037.0,137.0,12,3914.95,0
13038.0,79.0,3,908.46,0
13039.0,583.0,4,1010.73,1
13040.0,8.0,2,676.99,0
13041.0,450.0,4,799.13,1
13042.0,597.0,3,1556.54,1
13043.0,272.0,1,516.42,1
13044.0,290.0,11,4853.9,1
13045.0,98.0,3,808.92,0
13046.0,30.0,3,949.25,0
13047.0,31.0,24,8795.16,0
13048.0,13.0,9,4084.21,0
13049.0,63.0,4,1408.24,0
13050.0,14.0,35,12344.53,0
13051.0,578.0,2,155.8,1
13052.0,211.0,7,3168.53,0
13053.0,621.0,1,127.65,1
13055.0,77.0,4,2321.11,0
13056.0,550.0,1,209.48,1
13057.0,529.0,3,722.09,1
13058.0,24.0,3,271.4,0
13059.0,249.0,10,2303.17,0
13060.0,253.0,1,307.53,1
13061.0,71.0,1,248.61,0
13062.0,190.0,1,346.98,0
13063.0,480.0,1,188.4,1
13064.0,12.0,6,1680.74,0
13065.0,372.0,5,1260.91,1
13066.0,23.0,2,470.8,0
13067.0,81.0,3,508.51,0
13068.0,9.0,2,344.0,0
13069.0,0.0,38,9683.13,0
13070.0,191.0,4,751.7,0
13071.0,611.0,1,129.22,1
13072.0,266.0,1,177.15,1
13073.0,410.0,2,418.08,1
13074.0,510.0,4,1378.74,1
13075.0,129.0,1,919.61,0
13076.0,457.0,1,135.4,1
13077.0,0.0,11,3064.67,0
13078.0,2.0,57,29532.45,0
13079.0,3.0,6,419.18,0
13080.0,178.0,4,280.73,0
13081.0,11.0,28,59205.15,0
13082.0,125.0,21,7335.75,0
13083.0,3.0,3,395.43,0
13084.0,491.0,1,122.4,1
13085.0,157.0,8,2433.28,0
13086.0,382.0,1,439.33,1
13087.0,725.0,1,313.64,1
13088.0,416.0,1,236.11,1
13089.0,2.0,203,116737.86,2
13090.0,8.0,24,14103.09,0
13091.0,27.0,3,2321.82,0
13092.0,70.0,12,2140.28,0
13093.0,275.0,55,54943.65,0
13094.0,20.0,13,2433.12,0
13095.0,70.0,1,74.4,0
13096.0,393.0,1,419.7,1
13097.0,32.0,28,13389.22,0
13098.0,0.0,28,28882.44,0
13099.0,98.0,1,207.36,0
13101.0,233.0,4,695.4,0
13102.0,0.0,37,11696.92,0
13103.0,39.0,3,709.64,0
13104.0,2.0,9,1709.1,0
13105.0,435.0,1,72.0,1
13106.0,132.0,2,603.46,0
13107.0,43.0,9,5253.07,0
13108.0,372.0,2,1098.52,1
13109.0,59.0,3,1134.03,0
13110.0,30.0,12,2957.47,0
13111.0,718.0,1,321.88,1
13112.0,540.0,1,20.6,1
13113.0,0.0,37,18625.73,0
13114.0,730.0,1,234.38,1
13115.0,11.0,10,5494.7,0
13116.0,137.0,1,501.14,0
13117.0,21.0,18,2643.81,0
13118.0,19.0,9,2415.41,0
13119.0,668.0,1,134.9,1
13120.0,238.0,1,30.6,0
13121.0,268.0,1,283.73,1
13122.0,93.0,2,922.39,0
13123.0,472.0,2,506.75,1
13124.0,89.0,4,4782.45,0
13125.0,523.0,1,158.57,1
13126.0,4.0,13,3998.25,0
13127.0,77.0,1,259.17,0
13128.0,630.0,1,263.5,1
13129.0,451.0,2,233.25,1
13130.0,93.0,1,64.0,0
13131.0,22.0,7,3313.77,0
13132.0,261.0,1,77.3,1
13133.0,273.0,3,200.45,1
13134.0,85.0,6,2475.23,0
13135.0,196.0,2,3371.45,0
13136.0,55.0,13,6274.56,0
13137.0,10.0,16,7712.7,0
13138.0,21.0,7,1467.24,0
13139.0,15.0,8,8202.98,0
13140.0,107.0,5,1215.68,0
13141.0,84.0,17,7668.58,0
13142.0,18.0,1,307.09,0
13143.0,584.0,1,405.1,1
13144.0,332.0,2,135.35,1
13145.0,39.0,7,1423.52,0
13146.0,25.0,1,228.91,0
13147.0,9.0,4,712.8,0
13148.0,28.0,26,8621.81,0
13149.0,13.0,4,1676.06,0
13150.0,483.0,3,449.97,1
13151.0,295.0,3,2580.74,1
13152.0,416.0,7,2146.38,1
13153.0,5.0,1,486.22,0
13154.0,398.0,3,1624.84,1
13155.0,32.0,6,1750.18,0
13156.0,384.0,3,1586.54,1
13157.0,48.0,9,5687.36,0
13158.0,94.0,5,1508.18,0
13159.0,8.0,4,1437.85,0
13160.0,21.0,1,91.8,0
13161.0,312.0,2,478.88,1
13162.0,121.0,16,9275.49,0
13163.0,609.0,1,17.65,1
13164.0,568.0,2,372.2,1
13165.0,45.0,3,1451.16,0
13166.0,282.0,2,884.18,1
13167.0,18.0,5,1125.15,0
13168.0,35.0,5,1875.31,0
13169.0,63.0,3,840.08,0
13170.0,26.0,1,116.01,0
13171.0,21.0,3,468.41,0
13172.0,399.0,1,69.6,1
13173.0,3.0,11,2639.35,0
13174.0,15.0,12,9494.84,0
13175.0,581.0,2,831.45,1
13176.0,45.0,1,492.84,0
13177.0,64.0,2,512.2,0
13178.0,25.0,21,14059.19,0
13179.0,618.0,1,572.31,1
13180.0,606.0,1,86.1,1
13181.0,380.0,1,359.69,1
13182.0,44.0,1,121.18,0
13183.0,7.0,15,7036.18,0
13184.0,14.0,10,1701.29,0
13185.0,267.0,1,71.4,1
13186.0,39.0,3,1575.89,0
13187.0,336.0,4,367.01,1
13188.0,10.0,1,114.6,0
13189.0,18.0,2,260.68,0
13190.0,543.0,3,570.66,1
13191.0,657.0,1,164.69,1
13192.0,94.0,6,2558.58,0
13193.0,60.0,1,117.88,0
13194.0,135.0,2,472.78,0
13195.0,413.0,1,172.38,1
13196.0,10.0,7,3068.84,0
13197.0,609.0,1,373.01,1
13198.0,9.0,8,4974.23,0
13199.0,3.0,67,16432.89,0
13200.0,18.0,4,870.09,0
13201.0,501.0,4,1240.61,1
13202.0,393.0,7,1580.3,1
13203.0,9.0,10,2648.25,0
13204.0,730.0,1,966.66,1
13205.0,442.0,1,2803.2,1
13206.0,399.0,13,8377.32,1
13207.0,14.0,4,535.86,0
13208.0,58.0,9,1988.5,0
13209.0,29.0,13,8509.51,0
13210.0,93.0,1,353.48,0
13211.0,9.0,10,2729.32,0
13212.0,19.0,3,788.08,0
13213.0,56.0,11,3851.52,0
13214.0,417.0,7,3264.23,1
13215.0,401.0,1,81.6,1
13216.0,267.0,1,333.74,1
13217.0,121.0,4,666.48,0
13218.0,126.0,1,62.64,0
13219.0,617.0,1,76.23,1
13220.0,77.0,5,1336.09,0
13221.0,239.0,2,847.41,0
13222.0,576.0,1,88.5,1
13223.0,199.0,6,969.12,0
13224.0,59.0,2,2155.95,0
13225.0,2.0,16,16260.07,0
13226.0,272.0,2,312.46,1
13227.0,201.0,1,257.7,0
13228.0,80.0,1,358.0,0
13229.0,225.0,1,160.95,0
13230.0,3.0,30,6360.78,0
13232.0,12.0,7,1357.6,0
13233.0,73.0,4,1176.46,0
13234.0,672.0,2,356.95,1
13235.0,211.0,1,1031.07,0
13236.0,24.0,2,744.85,0
13237.0,387.0,1,643.0,1
13238.0,16.0,6,1006.63,0
13239.0,261.0,5,1594.69,0
13240.0,95.0,8,1738.52,0
13241.0,411.0,1,115.58,1
13242.0,111.0,7,699.4,0
13243.0,202.0,5,1278.04,0
13244.0,92.0,1,121.74,0
13245.0,50.0,2,989.22,0
13246.0,17.0,11,3387.43,0
13247.0,17.0,4,501.12,0
13248.0,124.0,2,465.68,0
13249.0,91.0,9,1608.93,0
13250.0,460.0,2,256.04,1
13251.0,401.0,1,252.68,1
13252.0,393.0,2,399.3,1
13253.0,156.0,4,2951.11,0
13254.0,375.0,1,51.41,1
13255.0,8.0,3,904.46,0
13256.0,13.0,1,0.0,0
13257.0,435.0,1,149.75,1
13258.0,11.0,5,1035.18,0
13259.0,61.0,9,1433.38,0
13260.0,60.0,1,557.62,0
13261.0,268.0,2,944.1,1
13262.0,262.0,3,573.45,1
13263.0,0.0,39,8704.69,0
13264.0,442.0,1,722.56,1
13265.0,52.0,5,2107.66,0
13266.0,10.0,19,6135.04,0
13267.0,2.0,36,9758.26,0
13268.0,17.0,11,3214.69,0
13269.0,0.0,28,8891.7,0
13270.0,365.0,1,1180.0,1
13271.0,36.0,1,217.38,0
13272.0,30.0,2,276.56,0
13273.0,112.0,1,138.98,0
13274.0,408.0,1,360.85,1
13275.0,383.0,2,241.66,1
13276.0,63.0,5,1939.26,0
13277.0,15.0,7,523.3,0
13278.0,40.0,4,1435.85,0
13279.0,77.0,1,137.75,0
13280.0,121.0,7,2322.63,0
13281.0,438.0,1,350.85,1
13282.0,17.0,4,1313.19,0
13283.0,59.0,4,373.36,0
13284.0,330.0,1,201.19,1
13285.0,22.0,6,3364.59,0
13286.0,599.0,1,734.91,1
13287.0,602.0,3,781.59,1
13288.0,442.0,5,927.61,1
13289.0,723.0,1,307.95,1
13290.0,437.0,1,208.63,1
13291.0,155.0,11,3320.84,0
13292.0,38.0,5,994.51,0
13293.0,391.0,6,1192.94,1
13294.0,189.0,3,1689.53,0
13295.0,359.0,4,1101.97,1
13296.0,136.0,6,792.51,0
13297.0,7.0,7,4368.62,0
13298.0,0.0,1,360.0,0
13299.0,267.0,3,1218.7,1
13300.0,168.0,3,1285.51,0
13301.0,103.0,4,618.09,0
13302.0,154.0,2,159.2,0
13303.0,399.0,1,61.72,1
13304.0,350.0,4,1217.99,1
13305.0,3.0,16,3754.71,0
13306.0,429.0,1,53.65,1
13307.0,119.0,3,273.34,0
13308.0,22.0,4,1670.37,0
13309.0,6.0,6,1706.37,0
13310.0,27.0,5,1541.2,0
13311.0,3.0,2,598.57,0
13312.0,450.0,1,124.75,1
13313.0,21.0,12,3445.32,0
13314.0,1.0,3,775.94,0
13315.0,688.0,1,310.26,1
13316.0,36.0,10,13191.57,0
13317.0,65.0,19,6486.091,0
13318.0,0.0,3,640.76,0
13319.0,4.0,58,22082.5,0
13320.0,77.0,6,2228.1,0
13321.0,71.0,2,567.36,0
13322.0,16.0,1,199.48,0
13323.0,2.0,5,787.85,0
13324.0,35.0,18,10513.47,0
13325.0,81.0,1,675.3,0
13326.0,431.0,1,281.76,1
13327.0,38.0,20,9879.48,0
13328.0,315.0,1,1308.48,1
13329.0,31.0,8,5112.97,0
13330.0,92.0,6,2806.18,0
13331.0,401.0,1,262.4,1
13332.0,13.0,1,350.9,0
13333.0,410.0,3,1015.74,1
13334.0,81.0,5,6263.75,0
13336.0,76.0,1,795.12,0
13337.0,545.0,1,1575.26,1
13338.0,157.0,4,2445.62,0
13339.0,200.0,1,860.12,0
13340.0,44.0,12,22100.56,0
13341.0,260.0,1,775.85,1
13343.0,177.0,1,353.43,0
13344.0,67.0,3,2543.72,0
13345.0,287.0,1,389.5,1
13346.0,462.0,6,299.4,1
13347.0,69.0,1,341.36,0
13348.0,63.0,1,233.76,0
13349.0,10.0,1,247.32,0
13350.0,15.0,2,979.12,0
13351.0,65.0,1,373.94,0
13352.0,59.0,1,397.98,0
13354.0,70.0,1,743.53,0
13355.0,121.0,1,674.7,0
13356.0,79.0,1,768.24,0
13357.0,256.0,5,3838.36,0
13358.0,268.0,1,439.03,1
13359.0,63.0,2,1043.31,0
13360.0,431.0,4,1553.65,1
13361.0,471.0,2,1450.5,1
13362.0,8.0,7,5394.07,0
13363.0,17.0,3,1723.86,0
13364.0,70.0,1,134.96,0
13365.0,33.0,2,2225.37,0
13366.0,49.0,1,56.16,0
13367.0,431.0,1,510.2,1
13368.0,256.0,4,1121.5,0
13369.0,365.0,1,616.56,1
13370.0,371.0,1,1509.74,1
13371.0,504.0,2,2297.66,1
13372.0,89.0,1,378.64,0
13373.0,60.0,6,7587.19,0
13374.0,414.0,2,422.8,1
13375.0,88.0,2,1792.23,0
13376.0,98.0,3,1019.76,0
13377.0,396.0,2,1552.88,1
13379.0,25.0,3,572.56,0
13380.0,432.0,1,62.4,1
13381.0,31.0,12,8224.37,0
13382.0,280.0,5,1387.58,1
13383.0,543.0,1,305.28,1
13384.0,30.0,11,6680.83,0
13385.0,329.0,1,534.57,1
13386.0,413.0,2,835.46,1
13387.0,416.0,1,189.44,1
13388.0,130.0,3,1185.65,0
13389.0,10.0,3,797.96,0
13390.0,74.0,1,544.08,0
13391.0,203.0,1,59.8,0
13392.0,676.0,1,91.14,1
13393.0,583.0,4,1131.45,1
13394.0,1.0,19,6621.7,0
13395.0,184.0,3,1180.23,0
13396.0,28.0,2,1360.99,0
13397.0,72.0,10,3191.87,0
13398.0,191.0,2,670.34,0
13399.0,463.0,3,275.4,1
13400.0,582.0,1,310.83,1
13402.0,126.0,4,1535.13,0
13403.0,17.0,3,229.5,0
13404.0,0.0,2,252.49,0
13405.0,73.0,6,1213.811,0
13406.0,426.0,2,568.92,1
13407.0,578.0,3,2244.7,1
13408.0,1.0,106,51733.462,0
13410.0,23.0,9,2201.96,0
13411.0,106.0,1,213.55,0
13412.0,619.0,1,487.35,1
13413.0,639.0,6,429.44,1
13414.0,133.0,6,2494.14,0
13415.0,472.0,4,800.67,1
13416.0,43.0,3,940.8,0
13417.0,4.0,6,1669.49,0
13418.0,11.0,31,12233.6,0
13419.0,63.0,1,221.06,0
13420.0,149.0,2,159.85,0
13421.0,39.0,8,4103.12,0
13422.0,63.0,1,2626.3,0
13423.0,428.0,1,217.03,1
13424.0,449.0,1,572.77,1
13425.0,107.0,5,3403.63,0
13426.0,0.0,22,8167.38,0
13427.0,18.0,6,1006.53,0
13428.0,9.0,3,499.98,0
13429.0,10.0,4,1006.8,0
13430.0,18.0,2,679.45,0
13431.0,66.0,8,3316.24,0
13432.0,570.0,2,439.1,1
13433.0,500.0,4,658.32,1
13434.0,73.0,5,1666.86,0
13435.0,4.0,9,4475.23,0
13436.0,1.0,1,196.89,0
13437.0,13.0,7,3408.06,0
13438.0,546.0,1,46.5,1
13439.0,254.0,3,986.61,0
13440.0,422.0,7,1295.25,1
13441.0,91.0,2,720.9,0
13442.0,666.0,3,419.87,1
13443.0,448.0,6,1280.16,1
13444.0,373.0,2,631.68,1
13445.0,625.0,1,241.9,1
13446.0,429.0,11,3881.89,1
13447.0,22.0,3,1129.14,0
13448.0,16.0,13,9240.87,0
13449.0,23.0,1,291.88,0
13450.0,26.0,13,4120.04,0
13451.0,25.0,11,7190.92,0
13452.0,258.0,3,729.8,1
13453.0,165.0,3,781.69,0
13454.0,640.0,1,219.87,1
13455.0,24.0,6,2905.93,0
13456.0,17.0,6,1766.72,0
13457.0,688.0,2,148.22,1
13458.0,6.0,16,11959.27,0
13459.0,624.0,2,1160.41,1
13460.0,28.0,2,183.44,0
13461.0,38.0,6,4160.0,0
13462.0,252.0,5,1153.85,0
13464.0,57.0,6,3097.64,0
13465.0,445.0,2,931.12,1
13466.0,183.0,5,1013.35,0
13467.0,10.0,2,1083.71,0
13468.0,1.0,72,13390.51,0
13469.0,652.0,1,82.4,1
13470.0,98.0,2,165.0,0
13471.0,0.0,4,2531.58,0
13472.0,463.0,2,592.24,1
13473.0,60.0,8,2657.76,0
13474.0,235.0,3,663.79,0
13475.0,190.0,4,1431.78,0
13476.0,178.0,5,2061.47,0
13477.0,37.0,11,2834.17,0
13478.0,468.0,5,2215.78,1
13479.0,200.0,4,851.37,0
13480.0,416.0,2,627.82,1
13481.0,45.0,11,3830.84,0
13482.0,231.0,2,336.09,0
13483.0,65.0,1,140.34,0
13484.0,240.0,3,790.72,0
13485.0,232.0,11,3019.22,0
13486.0,77.0,3,1122.41,0
13487.0,57.0,5,846.87,0
13488.0,16.0,23,15587.88,0
13489.0,104.0,4,449.52,0
13490.0,653.0,1,154.25,1
13491.0,51.0,27,4566.56,0
13492.0,135.0,3,1269.84,0
13493.0,274.0,2,618.63,1
13494.0,311.0,1,316.26,1
13495.0,7.0,10,5374.26,0
13496.0,10.0,2,653.33,0
13497.0,282.0,6,1320.33,1
13498.0,729.0,1,327.38,1
13499.0,17.0,5,1159.11,0
13500.0,22.0,4,1466.3,0
13501.0,287.0,3,2885.11,1
13502.0,16.0,5,780.5,0
13503.0,70.0,6,1905.39,0
13504.0,63.0,1,295.93,0
13505.0,72.0,4,4393.63,0
13506.0,315.0,5,1639.2,1
13507.0,2.0,4,2479.16,0
13508.0,243.0,2,287.05,0
13509.0,8.0,8,1114.72,0
13510.0,0.0,11,4558.29,0
13511.0,676.0,1,282.76,1
13512.0,260.0,4,713.39,1
13513.0,126.0,3,824.59,0
13514.0,73.0,4,815.9,0
13515.0,72.0,6,1265.82,0
13516.0,20.0,4,1685.26,0
13517.0,59.0,3,2128.42,0
13518.0,85.0,1,659.44,0
13519.0,77.0,2,343.21,0
13520.0,58.0,11,6909.4,0
13521.0,0.0,3,1093.65,0
13522.0,29.0,1,125.8,0
13523.0,32.0,6,5101.52,0
13524.0,40.0,5,680.18,0
13525.0,14.0,2,628.78,0
13526.0,737.0,2,1182.0,1
13527.0,33.0,12,4683.74,0
13529.0,78.0,2,307.76,0
13530.0,633.0,1,402.98,1
13531.0,204.0,6,1738.52,0
13532.0,33.0,1,210.31,0
13533.0,182.0,3,270.79,0
13534.0,1.0,35,7720.9,0
13535.0,402.0,1,89.5,1
13536.0,0.0,7,3448.29,0
13537.0,425.0,2,717.85,1
13538.0,42.0,12,3112.73,0
13539.0,85.0,7,1569.36,0
13540.0,466.0,3,632.39,1
13541.0,426.0,2,785.25,1
13542.0,376.0,17,4006.17,1
13543.0,633.0,2,1439.61,1
13544.0,39.0,6,829.0,0
13545.0,390.0,2,374.64,1
13546.0,11.0,5,1092.14,0
13547.0,407.0,1,175.53,1
13548.0,95.0,3,908.99,0
13549.0,25.0,8,1005.8,0
13550.0,382.0,1,349.51,1
13551.0,318.0,2,244.2,1
13552.0,65.0,22,6978.92,0
13553.0,674.0,1,517.8,1
13554.0,379.0,7,1638.28,1
13555.0,73.0,13,8999.19,0
13556.0,428.0,2,200.82,1
13557.0,27.0,13,3032.26,0
13558.0,5.0,4,605.06,0
13559.0,512.0,2,990.0,1
13560.0,6.0,1,174.37,0
13561.0,215.0,11,1820.72,0
13562.0,81.0,8,4838.18,0
13563.0,83.0,2,777.53,0
13564.0,143.0,37,17249.55,0
13565.0,18.0,3,414.8,0
13566.0,40.0,5,1708.12,0
13567.0,427.0,4,1083.69,1
13568.0,172.0,1,192.85,0
13569.0,16.0,4,893.78,0
13570.0,242.0,1,239.49,0
13571.0,12.0,26,4546.54,0
13572.0,205.0,1,1384.25,0
13573.0,49.0,6,916.47,0
13574.0,410.0,1,421.25,1
13575.0,22.0,5,732.07,0
13576.0,9.0,28,11551.74,0
13577.0,24.0,11,3489.28,0
13578.0,408.0,1,147.66,1
13579.0,14.0,5,1539.04,0
13580.0,405.0,1,107.75,1
13581.0,308.0,2,280.53,1
13582.0,389.0,2,241.68,1
13583.0,155.0,2,1445.031,0
13584.0,306.0,3,392.45,1
13585.0,530.0,3,684.54,1
13586.0,540.0,1,131.53,1
13587.0,63.0,4,1673.5,0
13588.0,15.0,9,2478.95,0
13589.0,14.0,6,1120.74,0
13590.0,10.0,18,6349.59,0
13591.0,64.0,7,2093.94,0
13592.0,35.0,4,247.96,0
13593.0,107.0,14,5523.69,0
13594.0,52.0,2,533.32,0
13595.0,516.0,3,818.22,1
13596.0,5.0,2,697.04,0
13597.0,399.0,2,396.71,1
13598.0,46.0,5,789.59,0
13599.0,0.0,33,10167.63,0
13600.0,311.0,2,518.42,1
13601.0,44.0,4,1185.14,0
13602.0,64.0,4,1025.17,0
13603.0,25.0,1,164.34,0
13604.0,658.0,1,717.62,1
13605.0,386.0,2,522.67,1
13606.0,28.0,3,280.54,0
13607.0,39.0,2,1078.31,0
13608.0,540.0,1,236.2,1
13609.0,592.0,1,167.35,1
13610.0,11.0,14,2175.88,0
13611.0,88.0,10,3319.53,0
13612.0,632.0,1,818.29,1
13613.0,452.0,5,1039.85,1
13614.0,23.0,6,2359.19,0
13615.0,318.0,8,6272.53,1
13616.0,567.0,2,288.1,1
13617.0,39.0,8,1278.75,0
13618.0,173.0,1,177.34,0
13619.0,544.0,2,231.69,1
13620.0,527.0,1,112.34,1
13621.0,116.0,1,213.85,0
13622.0,695.0,1,658.95,1
13623.0,30.0,10,2566.49,0
13624.0,387.0,1,462.08,1
13625.0,596.0,1,301.26,1
13626.0,252.0,2,707.04,1
13627.0,58.0,7,2245.9,0
13628.0,675.0,1,310.14,1
13629.0,22.0,19,13370.86,0
13630.0,4.0,7,2031.78,0
13631.0,99.0,11,3070.42,0
13632.0,24.0,8,3648.15,0
13634.0,32.0,16,5073.47,0
13635.0,67.0,4,2999.16,0
13636.0,36.0,5,949.12,0
13637.0,51.0,3,810.5,0
13638.0,15.0,1,122.64,0
13639.0,73.0,2,1346.27,0
13640.0,610.0,1,405.0,1
13641.0,640.0,5,1016.47,1
13642.0,215.0,4,514.72,0
13643.0,30.0,10,2156.77,0
13644.0,15.0,4,2624.26,0
13645.0,119.0,1,252.1,0
13646.0,399.0,2,326.25,1
13647.0,9.0,8,3071.68,0
13648.0,399.0,8,1764.02,1
13649.0,256.0,6,1678.88,0
13650.0,16.0,10,3288.0,0
13651.0,34.0,3,226.85,0
13652.0,45.0,5,2570.85,0
13653.0,487.0,1,152.2,1
13654.0,42.0,11,6308.0,0
13655.0,113.0,6,2280.51,0
13656.0,164.0,4,1078.85,0
13657.0,10.0,2,382.14,0
13658.0,9.0,9,6025.5,0
13659.0,205.0,12,4894.88,0
13660.0,399.0,1,314.59,1
13661.0,602.0,1,325.24,1
13662.0,85.0,11,2250.11,0
13663.0,178.0,5,2047.51,0
13665.0,385.0,3,1711.66,1
13666.0,59.0,5,127.9,0
13667.0,148.0,1,305.02,0
13668.0,2.0,35,13089.94,0
13669.0,50.0,3,413.55,0
13670.0,74.0,1,349.7,0
13671.0,394.0,1,194.95,1
13672.0,300.0,3,419.92,1
13673.0,18.0,2,396.92,0
13674.0,432.0,1,240.68,1
13675.0,150.0,2,486.82,0
13676.0,538.0,2,243.9,1
13677.0,404.0,2,556.19,1
13678.0,151.0,1,232.6,0
13679.0,493.0,3,281.26,1
13680.0,0.0,12,11435.67,0
13681.0,17.0,4,827.83,0
13682.0,186.0,1,59.5,0
13683.0,457.0,1,258.6,1
13684.0,285.0,4,596.98,1
13685.0,2.0,7,3119.44,0
13686.0,182.0,3,409.04,0
13687.0,437.0,1,11880.84,1
13688.0,634.0,1,375.5,1
13689.0,62.0,2,1259.5,0
13690.0,58.0,1,172.25,0
13691.0,395.0,1,212.78,1
13692.0,24.0,5,3114.4,0
13693.0,373.0,9,2011.82,1
13694.0,3.0,143,196482.81,2
13695.0,30.0,16,2770.73,0
13696.0,421.0,3,2020.4,1
13697.0,38.0,1,151.3,0
13698.0,596.0,2,465.53,1
13699.0,154.0,2,764.15,0
13700.0,25.0,13,2613.46,0
13701.0,446.0,1,161.0,1
13702.0,445.0,1,135.18,1
13703.0,317.0,2,425.56,1
13704.0,4.0,9,2308.06,0
13705.0,7.0,7,2035.33,0
13706.0,302.0,2,631.17,1
13707.0,266.0,5,3365.86,1
13708.0,270.0,1,296.88,1
13709.0,3.0,18,7591.75,0
13710.0,31.0,3,509.52,0
13711.0,218.0,9,1792.26,0
13712.0,246.0,2,766.42,0
13713.0,407.0,3,743.26,1
13714.0,464.0,1,161.35,1
13715.0,280.0,17,8483.29,0
13716.0,268.0,1,138.28,1
13717.0,31.0,8,1763.3,0
13718.0,245.0,2,306.55,0
13719.0,14.0,11,2815.25,0
13720.0,116.0,4,799.9,0
13721.0,35.0,2,741.54,0
13722.0,131.0,10,5635.41,0
13723.0,216.0,6,1209.2,0
13724.0,636.0,1,213.01,1
13725.0,49.0,8,1980.56,0
13726.0,38.0,2,1079.66,0
13727.0,28.0,8,1080.05,0
13728.0,36.0,16,2855.17,0
13729.0,435.0,3,724.73,1
13730.0,135.0,2,752.6,0
13731.0,218.0,2,610.59,0
13732.0,27.0,1,491.86,0
13733.0,410.0,2,487.03,1
13734.0,508.0,4,6701.64,1
13735.0,24.0,13,9813.22,0
13736.0,4.0,7,2766.21,0
13737.0,199.0,1,339.6,0
13738.0,395.0,1,440.93,1
13739.0,17.0,2,292.2,0
13740.0,240.0,5,1597.77,0
13741.0,71.0,3,668.43,0
13742.0,16.0,12,3131.02,0
13743.0,2.0,7,1341.6,0
13744.0,94.0,2,1156.36,0
13745.0,161.0,2,777.36,0
13746.0,413.0,1,176.69,1
13747.0,373.0,2,249.4,1
13748.0,95.0,9,2268.35,0
13750.0,53.0,11,3602.18,0
13751.0,287.0,1,296.25,1
13752.0,123.0,7,1590.73,0
13753.0,287.0,4,2094.57,1
13754.0,151.0,3,447.05,0
13755.0,3.0,9,2161.35,0
13756.0,1.0,23,9207.5,0
13757.0,674.0,1,195.55,1
13758.0,11.0,15,9416.98,0
13759.0,32.0,2,659.41,0
13760.0,53.0,5,1363.64,0
13761.0,49.0,6,1952.17,0
13762.0,218.0,5,2472.48,0
13763.0,62.0,3,5217.44,0
13764.0,70.0,6,2953.26,0
13765.0,652.0,1,352.821,1
13766.0,494.0,1,190.35,1
13767.0,1.0,73,35540.53,0
13768.0,726.0,2,875.97,1
13769.0,1.0,20,5800.42,0
13770.0,421.0,4,785.37,1
13771.0,63.0,9,5728.82,0
13772.0,33.0,8,3114.22,0
13773.0,396.0,2,301.54,1
13774.0,81.0,1,345.0,0
13775.0,590.0,1,1049.66,1
13776.0,427.0,2,623.98,1
13777.0,0.0,61,56478.42,0
13778.0,102.0,4,1124.49,0
13779.0,515.0,1,161.13,1
13780.0,6.0,3,735.82,0
13781.0,250.0,3,778.83,0
13782.0,12.0,13,1793.72,0
13783.0,487.0,4,1542.09,1
13784.0,9.0,14,2910.23,0
13785.0,428.0,4,542.49,1
13786.0,366.0,6,3358.94,1
13787.0,75.0,6,1222.5,0
13788.0,504.0,1,3.75,1
13789.0,387.0,1,239.46,1
13790.0,3.0,1,348.8,0
13791.0,127.0,2,1516.0,0
13792.0,65.0,3,383.95,0
13793.0,646.0,1,96.0,1
13794.0,546.0,1,126.03,1
13795.0,387.0,4,836.3,1
13796.0,498.0,1,289.7,1
13797.0,436.0,3,1179.45,1
13798.0,0.0,110,75836.87,2
13799.0,116.0,9,2803.57,0
13800.0,309.0,3,1679.56,1
13801.0,66.0,1,324.8,0
13802.0,138.0,19,26259.11,0
13803.0,254.0,3,1338.91,0
13804.0,30.0,9,3208.52,0
13805.0,51.0,2,924.6,0
13806.0,63.0,1,256.38,0
13807.0,366.0,3,534.8,1
13808.0,5.0,5,1747.66,0
13809.0,304.0,3,679.7,1
13810.0,28.0,3,1499.01,0
13811.0,183.0,3,814.5,0
13812.0,41.0,3,539.0,0
13813.0,39.0,8,2765.47,0
13814.0,91.0,3,2257.32,0
13815.0,21.0,8,7475.74,0
13816.0,23.0,2,571.67,0
13817.0,28.0,2,382.98,0
13818.0,429.0,1,61.28,1
13819.0,301.0,6,2642.35,1
13820.0,417.0,3,660.65,1
13821.0,144.0,6,1410.73,0
13822.0,5.0,2,632.0,0
13823.0,18.0,7,3403.45,0
13824.0,32.0,12,3314.76,0
13825.0,621.0,2,255.59,1
13826.0,175.0,1,189.5,0
13827.0,57.0,3,412.05,0
13828.0,21.0,1,209.49,0
13829.0,420.0,1,102.0,1
13830.0,581.0,1,156.85,1
13831.0,15.0,18,7023.58,0
13832.0,18.0,2,613.69,0
13833.0,158.0,2,701.36,0
13834.0,576.0,2,324.19,1
13835.0,24.0,7,1095.27,0
13836.0,398.0,2,620.37,1
13837.0,211.0,2,271.24,0
13838.0,5.0,10,1966.09,0
13839.0,485.0,1,139.95,1
13840.0,415.0,1,651.4,1
13841.0,252.0,1,85.0,1
13842.0,58.0,18,5629.91,0
13843.0,380.0,1,319.75,1
13844.0,10.0,1,361.62,0
13845.0,64.0,1,312.98,0
13846.0,24.0,4,1307.79,0
13847.0,719.0,1,310.72,1
13848.0,91.0,8,3335.0,0
13849.0,51.0,5,3469.3,0
13850.0,128.0,1,1595.48,0
13851.0,95.0,8,4606.46,0
13852.0,610.0,1,187.35,1
13853.0,56.0,1,1090.14,0
13854.0,8.0,39,12253.96,0
13855.0,500.0,4,1310.34,1
13856.0,168.0,11,1142.03,0
13857.0,392.0,6,1001.01,1
13858.0,56.0,1,216.17,0
13859.0,325.0,2,515.86,1
13860.0,0.0,5,1245.9,0
13861.0,428.0,2,273.26,1
13862.0,17.0,9,2556.09,0
13863.0,247.0,4,1239.55,0
13864.0,386.0,1,662.4,1
13865.0,57.0,4,501.56,0
13866.0,73.0,1,145.67,0
13867.0,30.0,3,1015.29,0
13868.0,6.0,2,3192.54,0
13869.0,122.0,10,8111.57,0
13870.0,1.0,15,5712.08,0
13871.0,22.0,17,7885.85,0
13872.0,526.0,3,919.57,1
13873.0,119.0,8,1038.92,0
13874.0,357.0,7,2049.15,1
13875.0,53.0,14,4814.37,0
13876.0,63.0,1,122.7,0
13877.0,85.0,3,449.68,0
13878.0,54.0,4,2473.06,0
13879.0,645.0,1,395.5,1
13880.0,20.0,17,4391.66,0
13881.0,3.0,43,45179.1,0
13882.0,2.0,5,1191.13,0
13883.0,10.0,15,6560.02,0
13884.0,6.0,10,1888.48,0
13885.0,188.0,2,506.8,0
13886.0,70.0,1,243.56,0
13887.0,203.0,1,349.55,0
13888.0,119.0,7,2169.05,0
13889.0,92.0,6,1991.23,0
13890.0,0.0,14,2927.38,0
13891.0,377.0,3,863.56,1
13892.0,26.0,6,1267.65,0
13893.0,297.0,1,821.1,1
13894.0,23.0,3,564.62,0
13895.0,27.0,6,4008.52,0
13896.0,625.0,1,388.55,1
13897.0,49.0,3,1160.72,0
13898.0,325.0,2,686.4,1
13899.0,15.0,2,388.52,0
13900.0,182.0,6,1610.59,0
13901.0,71.0,15,5676.34,0
13902.0,631.0,5,34095.26,1
13903.0,399.0,1,165.45,1
13904.0,36.0,2,332.64,0
13905.0,732.0,1,312.65,1
13906.0,408.0,1,42.0,1
13907.0,691.0,1,136.8,1
13908.0,79.0,4,2369.55,0
13909.0,422.0,2,286.6,1
13911.0,56.0,20,4234.99,0
13912.0,423.0,1,124.95,1
13913.0,506.0,1,42.22,1
13914.0,11.0,2,626.45,0
13915.0,393.0,1,70.8,1
13916.0,463.0,4,1275.81,1
13917.0,49.0,2,272.04,0
13918.0,49.0,2,1212.84,0
13919.0,58.0,4,1360.68,0
13920.0,431.0,4,1774.68,1
13921.0,401.0,4,730.7,1
13922.0,351.0,3,865.2,1
13923.0,53.0,1,351.13,0
13924.0,1.0,6,1838.85,0
13925.0,92.0,4,678.25,0
13926.0,22.0,1,223.85,0
13927.0,74.0,2,708.26,0
13928.0,10.0,4,464.57,0
13929.0,168.0,11,3494.1,0
13930.0,57.0,2,337.34,0
13931.0,95.0,11,5257.38,0
13932.0,294.0,1,307.4,1
13933.0,108.0,2,608.79,0
13934.0,263.0,1,922.1,1
13935.0,596.0,3,6116.92,1
13936.0,179.0,3,939.66,0
13937.0,168.0,2,880.13,0
13938.0,34.0,1,71.66,0
13939.0,22.0,7,1560.96,0
13940.0,16.0,4,839.14,0
13941.0,21.0,15,11122.3,0
13942.0,534.0,1,320.0,1
13943.0,577.0,1,246.54,1
13944.0,652.0,1,200.43,1
13945.0,394.0,2,854.15,1
13946.0,78.0,6,1876.23,0
13947.0,64.0,1,90.6,0
13948.0,360.0,4,548.76,1
13949.0,2.0,6,2427.32,0
13950.0,10.0,4,745.06,0
13951.0,175.0,3,674.45,0
13952.0,217.0,14,12823.521,0
13953.0,6.0,12,6640.68,0
13954.0,1.0,2,439.92,0
13955.0,153.0,3,545.17,0
13956.0,4.0,5,1026.42,0
13957.0,417.0,3,458.25,1
13958.0,379.0,8,4709.23,1
13959.0,78.0,6,1076.18,0
13960.0,20.0,2,230.22,0
13961.0,391.0,1,538.4,1
13962.0,21.0,3,362.8,0
13963.0,307.0,17,3011.87,0
13964.0,386.0,2,438.9,1
13965.0,476.0,3,996.61,1
13966.0,434.0,1,390.86,1
13967.0,145.0,2,166.3,0
13968.0,422.0,1,123.66,1
13969.0,6.0,35,13365.87,0
13970.0,385.0,2,846.55,1
13971.0,18.0,14,4667.57,0
13972.0,70.0,2,190.25,0
13973.0,286.0,1,264.7,1
13974.0,48.0,2,677.72,0
13975.0,30.0,12,5358.84,0
13976.0,206.0,4,1192.36,0
13977.0,410.0,1,519.81,1
13978.0,14.0,2,196.79,0
13979.0,72.0,7,3416.23,0
13980.0,59.0,5,799.92,0
13981.0,415.0,1,331.14,1
13982.0,38.0,9,4445.59,0
13983.0,29.0,21,7108.45,0
13984.0,26.0,12,2048.6,0
13985.0,3.0,22,10020.86,0
13986.0,16.0,1,320.46,0
13987.0,379.0,2,682.54,1
13988.0,19.0,8,4757.8,0
13989.0,65.0,5,2026.06,0
13990.0,212.0,1,311.3,0
13991.0,11.0,6,855.97,0
13992.0,29.0,3,219.5,0
13993.0,42.0,19,6775.71,0
13994.0,3.0,6,2313.14,0
13995.0,14.0,14,3902.01,0
13996.0,385.0,2,895.76,1
13997.0,518.0,3,382.31,1
13998.0,446.0,3,566.7,1
13999.0,9.0,29,9502.26,0
14000.0,210.0,5,2046.34,0
14001.0,45.0,9,4530.09,0
14002.0,133.0,2,529.73,0
14003.0,732.0,1,209.41,1
14004.0,42.0,11,6258.45,0
14005.0,9.0,5,2874.72,0
14006.0,115.0,7,2196.67,0
14007.0,512.0,1,79.48,1
14008.0,431.0,1,509.04,1
14009.0,197.0,3,1099.91,0
14010.0,564.0,2,445.15,1
14011.0,479.0,2,457.82,1
14012.0,277.0,1,328.8,1
14013.0,109.0,5,1084.57,0
14014.0,76.0,3,1948.21,0
14015.0,52.0,1,917.34,0
14016.0,161.0,11,11403.41,0
14017.0,570.0,1,229.75,1
14018.0,644.0,1,367.15,1
14019.0,46.0,3,1421.61,0
14020.0,16.0,4,1249.01,0
14021.0,154.0,7,1716.58,0
14022.0,224.0,2,792.15,0
14023.0,6.0,2,584.07,0
14024.0,121.0,3,645.74,0
14025.0,464.0,8,4057.9,1
14026.0,470.0,2,713.11,1
14027.0,60.0,1,104.82,0
14028.0,549.0,3,10396.5,1
14029.0,62.0,2,467.66,0
14030.0,17.0,20,8262.29,0
14031.0,6.0,44,40999.17,0
14032.0,1.0,16,4850.27,0
14033.0,554.0,1,109.44,1
14034.0,21.0,3,651.82,0
14035.0,28.0,9,2856.72,0
14036.0,284.0,1,626.65,1
14037.0,175.0,6,836.95,0
14038.0,77.0,5,3069.88,0
14039.0,32.0,2,267.28,0
14040.0,40.0,35,12645.57,0
14041.0,265.0,1,141.41,1
14042.0,724.0,1,431.98,1
14043.0,490.0,2,304.25,1
14044.0,26.0,10,3123.1,0
14045.0,108.0,16,11313.03,0
14046.0,283.0,1,154.99,1
14047.0,8.0,14,4255.03,0
14048.0,304.0,3,748.69,1
14049.0,16.0,13,13239.03,0
14050.0,31.0,2,746.36,0
14051.0,0.0,37,22434.0,0
14052.0,19.0,2,480.81,0
14053.0,123.0,4,572.3,0
14054.0,64.0,1,92.46,0
14055.0,105.0,3,1520.96,0
14056.0,0.0,23,8214.65,0
14057.0,23.0,22,8408.84,0
14058.0,462.0,2,469.19,1
14059.0,266.0,1,183.6,1
14060.0,4.0,30,9519.08,0
14061.0,506.0,3,917.43,1
14062.0,9.0,24,25604.2,0
14063.0,437.0,9,22710.2,1
14064.0,28.0,15,3332.42,0
14065.0,388.0,3,891.02,1
14066.0,266.0,1,152.55,1
14067.0,63.0,2,374.7,0
14068.0,319.0,4,1528.37,1
14069.0,514.0,2,230.06,1
14070.0,684.0,1,326.55,1
14071.0,3.0,8,1438.82,0
14072.0,666.0,1,390.85,1
14073.0,31.0,1,151.04,0
14074.0,622.0,1,219.4,1
14075.0,4.0,6,1734.87,0
14076.0,128.0,1,122.47,0
14077.0,40.0,6,615.08,0
14078.0,101.0,9,1692.63,0
14079.0,124.0,2,618.73,0
14080.0,32.0,5,1115.68,0
14081.0,301.0,10,5370.1,1
14082.0,364.0,2,413.36,1
14083.0,3.0,11,1407.26,0
14084.0,511.0,1,150.5,1
14085.0,1.0,33,10104.97,0
14086.0,462.0,1,39.95,1
14087.0,2.0,3,846.22,0
14088.0,9.0,16,64036.8,0
14089.0,56.0,1,161.0,0
14090.0,324.0,1,76.32,1
14091.0,653.0,2,9530.08,1
14092.0,7.0,24,7229.45,0
14093.0,11.0,1,442.85,0
14094.0,439.0,1,335.22,1
14095.0,722.0,1,2.95,1
14096.0,3.0,17,65164.79,0
14097.0,480.0,2,422.86,1
14098.0,36.0,1,147.35,0
14099.0,15.0,20,5765.71,0
14100.0,137.0,1,194.9,0
14101.0,73.0,13,9961.93,0
14102.0,4.0,5,1360.28,0
14103.0,664.0,1,0.0,1
14104.0,154.0,5,771.58,0
14105.0,238.0,5,5988.83,0
14106.0,736.0,1,214.8,1
14107.0,51.0,11,4877.3,0
14108.0,30.0,4,1044.96,0
14109.0,72.0,1,144.2,0
14110.0,3.0,33,12987.95,0
14111.0,13.0,4,692.85,0
14112.0,22.0,13,5834.59,0
14113.0,3.0,16,7092.61,0
14114.0,273.0,7,1364.09,1
14115.0,501.0,2,622.67,1
14116.0,19.0,5,1382.74,0
14117.0,143.0,1,90.0,0
14118.0,428.0,1,458.45,1
14119.0,375.0,2,183.37,1
14121.0,3.0,4,2780.15,0
14122.0,405.0,3,362.42,1
14123.0,732.0,1,436.18,1
14124.0,83.0,1,419.58,0
14125.0,10.0,3,2740.43,0
14126.0,7.0,4,1172.46,0
14127.0,122.0,6,1900.08,0
14128.0,60.0,3,924.21,0
14129.0,1.0,9,2591.34,0
14130.0,318.0,4,1882.67,1
14131.0,648.0,1,187.87,1
14132.0,1.0,11,3586.03,0
14133.0,129.0,4,911.14,0
14134.0,382.0,15,11123.35,1
14135.0,1.0,24,9643.92,0
14136.0,400.0,5,1570.81,1
14137.0,695.0,1,332.7,1
14138.0,1.0,2,982.38,0
14139.0,45.0,4,1086.8,0
14140.0,3.0,2,935.05,0
14141.0,2.0,4,915.13,0
14142.0,372.0,2,983.15,1
14143.0,133.0,1,115.8,0
14144.0,485.0,1,30.6,1
14145.0,46.0,7,7600.05,0
14146.0,8.0,12,9450.3,0
14147.0,77.0,9,2590.2,0
14148.0,233.0,2,466.29,0
14149.0,220.0,1,446.62,0
14150.0,35.0,2,658.64,0
14151.0,672.0,2,679.45,1
14152.0,74.0,7,1997.34,0
14153.0,482.0,1,233.4,1
14154.0,238.0,8,6460.7,0
14155.0,265.0,1,118.75,1
14156.0,9.0,156,313946.37,2
14157.0,19.0,5,1002.78,0
14158.0,39.0,1,507.66,0
14159.0,19.0,20,7938.01,0
14160.0,609.0,7,8421.47,1
14161.0,215.0,7,3318.88,0
14162.0,173.0,2,289.36,0
14163.0,86.0,5,2594.62,0
14164.0,70.0,2,1631.77,0
14165.0,275.0,1,122.54,1
14166.0,504.0,2,256.85,1
14167.0,38.0,8,1296.49,0
14168.0,420.0,2,370.45,1
14169.0,430.0,2,624.43,1
14170.0,374.0,3,597.33,1
14171.0,97.0,2,498.79,0
14172.0,604.0,3,402.72,1
14173.0,10.0,6,586.0,0
14174.0,32.0,1,134.46,0
14175.0,59.0,8,7678.88,0
14176.0,296.0,5,916.01,1
14177.0,85.0,13,2229.34,0
14178.0,8.0,7,1620.93,0
14179.0,40.0,2,719.78,0
14180.0,10.0,33,6319.25,0
14181.0,410.0,2,310.55,1
14182.0,443.0,4,678.77,1
14183.0,410.0,2,286.29,1
14184.0,66.0,1,452.89,0
14185.0,330.0,1,197.65,1
14186.0,426.0,5,1550.63,1
14187.0,473.0,1,123.5,1
14188.0,30.0,6,2054.36,0
14189.0,1.0,16,5814.39,0
14190.0,665.0,1,79.9,1
14191.0,1.0,15,4817.66,0
14192.0,387.0,1,293.74,1
14193.0,67.0,3,1210.19,0
14194.0,4.0,36,18670.59,0
14195.0,201.0,6,2615.6,0
14196.0,106.0,1,335.52,0
14197.0,410.0,1,390.05,1
14198.0,17.0,9,1569.73,0
14199.0,217.0,4,1091.7,0
14200.0,616.0,1,379.2,1
14201.0,59.0,10,1193.54,0
14202.0,380.0,3,847.76,1
14203.0,396.0,1,339.34,1
14204.0,1.0,4,1062.96,0
14205.0,16.0,9,2414.2,0
14206.0,238.0,3,1185.01,0
14207.0,687.0,1,157.8,1
14208.0,94.0,2,567.05,0
14209.0,10.0,15,4993.27,0
14210.0,105.0,16,5861.52,0
14211.0,52.0,18,4402.29,0
14212.0,89.0,2,2190.14,0
14213.0,404.0,1,1192.2,1
14214.0,30.0,5,1004.38,0
14215.0,11.0,9,3416.33,0
14216.0,2.0,5,2150.04,0
14217.0,1.0,23,3416.89,0
14218.0,42.0,1,169.48,0
14219.0,3.0,3,633.83,0
14220.0,246.0,4,1515.0,0
14221.0,41.0,17,6517.49,0
14222.0,176.0,1,683.17,0
14223.0,91.0,3,991.13,0
14224.0,109.0,9,1897.9,0
14225.0,434.0,4,2037.02,1
14226.0,28.0,6,3002.53,0
14227.0,25.0,15,6368.71,0
14228.0,437.0,3,745.5,1
14229.0,51.0,7,2594.04,0
14230.0,435.0,3,979.8,1
14231.0,183.0,4,1235.62,0
14232.0,42.0,5,2048.07,0
14233.0,48.0,7,2904.27,0
14234.0,21.0,4,775.46,0
14235.0,74.0,9,4717.99,0
14236.0,80.0,5,1744.64,0
14237.0,372.0,2,632.14,1
14238.0,325.0,3,434.23,1
14239.0,42.0,21,4263.17,0
14240.0,29.0,3,1247.49,0
14241.0,183.0,2,333.7,0
14242.0,234.0,2,280.55,0
14243.0,8.0,17,7431.05,0
14244.0,660.0,1,366.42,1
14245.0,219.0,2,1693.45,0
14246.0,110.0,3,1474.06,0
14247.0,277.0,5,772.66,1
14248.0,317.0,3,1032.95,1
14249.0,410.0,12,5625.461,1
14250.0,6.0,3,1904.05,0
14251.0,1.0,5,2879.7,0
14252.0,380.0,1,350.99,1
14253.0,492.0,2,363.4,1
14254.0,432.0,1,601.03,1
14255.0,545.0,1,1000.63,1
14256.0,259.0,5,2473.99,0
14257.0,63.0,9,5954.45,0
14258.0,8.0,25,32051.34,0
14259.0,141.0,1,120.0,0
14260.0,470.0,3,824.28,1
14261.0,50.0,2,1163.45,0
14262.0,7.0,8,2618.23,0
14263.0,422.0,1,322.93,1
14264.0,154.0,6,1517.36,0
14265.0,108.0,4,1373.35,0
14266.0,427.0,1,40.56,1
14267.0,162.0,3,1516.24,0
14268.0,470.0,1,354.85,1
14269.0,438.0,1,295.73,1
14270.0,331.0,1,492.65,1
14271.0,225.0,2,219.13,0
14272.0,73.0,4,920.81,0
14273.0,50.0,4,559.97,0
14274.0,685.0,1,256.6,1
14275.0,395.0,6,1189.38,1
14276.0,98.0,7,2102.68,0
14277.0,14.0,9,17225.81,0
14278.0,409.0,1,205.83,1
14279.0,520.0,2,191.86,1
14280.0,196.0,1,134.04,0
14281.0,407.0,1,245.15,1
14282.0,2.0,25,7849.66,0
14283.0,462.0,4,628.44,1
14284.0,30.0,3,1299.65,0
14285.0,20.0,8,3284.42,0
14286.0,23.0,7,8479.76,0
14287.0,7.0,3,176.63,0
14288.0,212.0,1,426.6,0
14289.0,8.0,6,911.26,0
14290.0,10.0,8,4516.56,0
14291.0,1.0,23,7904.1,0
14292.0,7.0,16,9226.25,0
14293.0,2.0,9,3267.93,0
14294.0,406.0,1,375.34,1
14295.0,39.0,5,2362.91,0
14296.0,420.0,2,456.4,1
14297.0,17.0,4,1305.33,0
14298.0,7.0,82,91194.49,2
14299.0,7.0,27,14499.49,0
14300.0,18.0,1,43.2,0
14301.0,116.0,4,1992.18,0
14302.0,430.0,3,742.9,1
14303.0,406.0,2,277.94,1
14304.0,222.0,3,1725.01,0
14305.0,70.0,3,1858.96,0
14306.0,50.0,6,3151.4,0
14307.0,88.0,10,5071.03,0
14308.0,548.0,2,1147.02,1
14309.0,7.0,11,3780.81,0
14310.0,432.0,1,492.1,1
14311.0,242.0,2,516.45,0
14312.0,46.0,11,3090.29,0
14314.0,106.0,2,229.8,0
14315.0,44.0,8,3197.82,0
14316.0,421.0,5,1370.34,1
14317.0,64.0,1,508.58,0
14318.0,459.0,1,158.02,1
14319.0,423.0,1,494.85,1
14320.0,206.0,5,1346.75,0
14321.0,10.0,7,2218.06,0
14322.0,428.0,4,474.1,1
14323.0,114.0,2,605.06,0
14324.0,409.0,2,701.61,1
14325.0,569.0,1,245.48,1
14326.0,241.0,3,940.98,0
14327.0,162.0,6,1894.93,0
14328.0,437.0,1,445.05,1
14329.0,16.0,15,9927.22,0
14330.0,623.0,1,200.63,1
14331.0,123.0,2,462.66,0
14332.0,22.0,5,1943.51,0
14333.0,67.0,1,415.2,0
14334.0,16.0,12,4318.48,0
14335.0,15.0,2,468.26,0
14336.0,16.0,4,1614.91,0
14338.0,160.0,3,928.1,0
14339.0,242.0,2,620.27,0
14340.0,218.0,1,134.7,0
14341.0,44.0,18,4467.32,0
14342.0,20.0,6,918.44,0
14343.0,420.0,4,1088.91,1
14344.0,126.0,20,3333.7,0
14345.0,38.0,1,108.98,0
14346.0,120.0,5,2315.75,0
14347.0,736.0,1,82.6,1
14348.0,259.0,1,409.57,1
14349.0,9.0,1,133.5,0
14350.0,273.0,3,972.03,1
14351.0,164.0,1,51.0,0
14352.0,156.0,4,1078.96,0
14353.0,214.0,3,376.5,0
14354.0,5.0,2,163.62,0
14355.0,365.0,3,1014.45,1
14356.0,79.0,2,701.23,0
14357.0,42.0,1,225.77,0
14358.0,388.0,2,400.06,1
14359.0,18.0,3,912.18,0
14360.0,31.0,4,2128.23,0
14361.0,578.0,1,214.71,1
14362.0,21.0,1,161.2,0
14363.0,401.0,2,227.47,1
14364.0,108.0,8,3717.35,0
14365.0,394.0,2,634.68,1
14366.0,524.0,1,136.0,1
14367.0,7.0,16,9261.52,0
14368.0,319.0,1,155.0,1
14369.0,641.0,2,469.13,1
14370.0,450.0,6,1175.78,1
14371.0,294.0,1,100.5,1
14372.0,442.0,2,860.08,1
14373.0,357.0,1,76.55,1
14374.0,540.0,1,108.0,1
14375.0,184.0,3,1132.99,0
14376.0,682.0,1,215.46,1
14377.0,190.0,2,617.05,0
14378.0,621.0,1,131.25,1
14379.0,43.0,4,1268.91,0
14380.0,681.0,1,48.96,1
14381.0,51.0,2,631.34,0
14382.0,25.0,2,1246.8,0
14383.0,37.0,3,1247.69,0
14384.0,500.0,1,58.5,1
14385.0,8.0,3,202.11,0
14386.0,296.0,1,142.4,1
14387.0,32.0,3,1770.56,0
14388.0,9.0,16,6701.0,0
14389.0,64.0,5,1898.01,0
14390.0,9.0,13,6399.83,0
14391.0,576.0,1,135.6,1
14392.0,431.0,1,266.4,1
14393.0,217.0,1,67.95,0
14394.0,564.0,1,93.8,1
14395.0,1.0,20,8208.01,0
14396.0,64.0,7,2121.93,0
14397.0,2.0,19,2612.96,0
14398.0,400.0,2,707.79,1
14399.0,393.0,8,2113.16,1
14400.0,148.0,3,1732.47,0
14401.0,3.0,22,6795.9,0
14402.0,651.0,1,285.6,1
14403.0,129.0,6,1880.51,0
14404.0,33.0,13,2899.11,0
14405.0,386.0,1,195.0,1
14406.0,118.0,1,156.75,0
14407.0,106.0,6,2157.73,0
14408.0,10.0,11,4109.77,0
14409.0,70.0,9,3756.09,0
14410.0,91.0,11,2651.14,0
14411.0,310.0,1,1063.0,1
14412.0,42.0,3,1426.19,0
14413.0,361.0,4,770.37,1
14414.0,91.0,8,2399.33,0
14415.0,0.0,23,12091.6,0
14416.0,21.0,2,490.22,0
14417.0,387.0,1,604.2,1
14418.0,3.0,3,1937.25,0
14419.0,10.0,7,1260.91,0
14420.0,98.0,4,1639.17,0
14421.0,56.0,6,2469.37,0
14422.0,0.0,19,10271.52,0
14423.0,217.0,3,916.61,0
14424.0,17.0,1,322.08,0
14425.0,434.0,3,661.39,1
14426.0,23.0,17,11727.94,0
14427.0,49.0,4,1263.52,0
14428.0,6.0,5,1244.83,0
14429.0,403.0,1,516.28,1
14430.0,511.0,3,1220.9,1
14431.0,302.0,4,2614.2,1
14432.0,9.0,6,2255.51,0
14433.0,465.0,1,289.6,1
14434.0,21.0,6,1372.8,0
14435.0,501.0,1,90.42,1
14436.0,98.0,2,271.7,0
14437.0,365.0,5,958.84,1
14438.0,305.0,1,131.9,1
14439.0,319.0,5,9443.04,1
14440.0,7.0,13,6638.73,0
14441.0,0.0,11,4611.69,0
14442.0,204.0,7,5367.02,0
14443.0,53.0,5,2386.47,0
14444.0,455.0,1,132.04,1
14445.0,455.0,1,221.65,1
14446.0,0.0,5,1241.31,0
14447.0,18.0,6,1711.73,0
14448.0,8.0,2,375.35,0
14449.0,18.0,8,2482.8,0
14450.0,180.0,7,1128.44,0
14451.0,59.0,12,3308.77,0
14452.0,10.0,4,665.59,0
14453.0,189.0,1,119.93,0
14454.0,375.0,5,977.3,1
14455.0,431.0,4,628.21,1
14456.0,4.0,9,3062.4,0
14457.0,310.0,1,113.64,1
14458.0,380.0,1,237.42,1
14459.0,154.0,2,5375.741,0
14460.0,109.0,9,1093.5,0
14461.0,147.0,13,6713.5,0
14462.0,65.0,12,2270.01,0
14463.0,97.0,4,786.57,0
14464.0,567.0,2,111.0,1
14465.0,246.0,11,3946.03,0
14466.0,28.0,13,4646.9,0
14467.0,17.0,12,2220.99,0
14468.0,733.0,1,204.24,1
14469.0,415.0,4,2112.21,1
14470.0,11.0,3,712.04,0
14471.0,590.0,2,400.95,1
14472.0,103.0,9,2228.22,0
14473.0,73.0,2,234.34,0
14474.0,45.0,2,1278.08,0
14475.0,71.0,4,1151.15,0
14476.0,256.0,1,215.7,1
14477.0,19.0,7,1969.6,0
14478.0,381.0,4,1276.66,1
14479.0,253.0,4,1299.11,0
14480.0,10.0,4,1299.52,0
14481.0,164.0,5,2311.49,0
14482.0,17.0,12,4357.91,0
14483.0,281.0,2,257.1,1
14484.0,49.0,4,1070.98,0
14485.0,38.0,1,165.75,0
14486.0,511.0,2,175.5,1
14487.0,26.0,7,1453.61,0
14488.0,67.0,1,1064.28,0
14489.0,206.0,4,1574.93,0
14490.0,405.0,2,1273.47,1
14491.0,174.0,2,468.13,0
14492.0,429.0,7,1921.91,1
14493.0,6.0,10,5130.15,0
14494.0,25.0,3,401.46,0
14495.0,50.0,3,174.8,0
14496.0,311.0,7,2668.23,1
14497.0,308.0,2,697.06,1
14498.0,42.0,10,3911.27,0
14499.0,25.0,7,2138.97,0
14500.0,87.0,3,356.85,0
14501.0,183.0,2,251.21,0
14502.0,19.0,11,2470.67,0
14503.0,2.0,6,3543.26,0
14504.0,46.0,4,673.26,0
14505.0,16.0,19,12001.84,0
14506.0,16.0,7,3290.67,0
14507.0,23.0,11,3284.43,0
14508.0,21.0,5,874.94,0
14509.0,533.0,1,110.95,1
14510.0,375.0,3,1007.28,1
14511.0,10.0,5,1314.81,0
14512.0,187.0,7,1223.47,0
14513.0,100.0,6,788.01,0
14514.0,60.0,9,4598.98,0
14515.0,17.0,12,3749.26,0
14516.0,515.0,1,163.92,1
14517.0,32.0,2,330.45,0
14518.0,63.0,1,174.37,0
14519.0,683.0,2,206.09,1
14520.0,1.0,2,270.6,0
14521.0,490.0,1,199.45,1
14522.0,23.0,8,1758.62,0
14523.0,107.0,1,241.09,0
14524.0,31.0,13,2933.71,0
14525.0,19.0,17,8240.64,0
14526.0,388.0,1,262.4,1
14527.0,2.0,122,27792.3,0
14528.0,36.0,1,364.22,0
14529.0,59.0,3,620.04,0
14530.0,25.0,16,6197.4,0
14531.0,479.0,1,376.34,1
14532.0,235.0,11,3859.18,0
14533.0,24.0,11,3466.37,0
14534.0,2.0,26,6271.11,0
14535.0,59.0,9,6030.73,0
14536.0,259.0,1,171.8,1
14537.0,57.0,2,641.4,0
14538.0,64.0,5,1370.84,0
14539.0,15.0,2,537.48,0
14540.0,9.0,11,3795.34,0
14541.0,58.0,14,2499.68,0
14542.0,185.0,1,103.25,0
14543.0,28.0,39,14906.77,0
14544.0,23.0,3,2982.43,0
14545.0,673.0,1,349.25,1
14546.0,4.0,11,5197.9,0
14547.0,3.0,8,4007.54,0
14548.0,150.0,9,2627.49,0
14549.0,310.0,4,916.55,1
14550.0,10.0,4,1353.31,0
14551.0,17.0,7,880.04,0
14552.0,151.0,3,511.28,0
14553.0,18.0,9,1841.54,0
14554.0,9.0,4,2381.04,0
14555.0,56.0,6,2315.63,0
14556.0,595.0,3,835.34,1
14557.0,84.0,1,788.38,0
14558.0,653.0,3,655.5,1
14559.0,389.0,1,75.6,1
14560.0,6.0,44,6114.03,0
14561.0,75.0,3,1080.76,0
14562.0,3.0,26,6729.4,0
14563.0,509.0,2,679.44,1
14564.0,434.0,2,2605.62,1
14565.0,95.0,5,3859.22,0
14566.0,110.0,4,4092.0,0
14567.0,56.0,2,1530.36,0
14568.0,434.0,1,919.7,1
14569.0,0.0,4,598.98,0
14570.0,280.0,3,613.75,1
14571.0,424.0,1,161.65,1
14572.0,2.0,11,5615.18,0
14573.0,179.0,13,2621.42,0
14574.0,732.0,1,143.7,1
14575.0,487.0,1,460.71,1
14576.0,371.0,1,70.8,1
14577.0,12.0,7,1374.25,0
14578.0,2.0,1,168.63,0
14579.0,431.0,1,105.56,1
14580.0,517.0,1,14.85,1
14581.0,16.0,2,433.8,0
14582.0,40.0,1,114.11,0
14583.0,5.0,8,1781.03,0
14584.0,168.0,8,1747.91,0
14585.0,49.0,5,1143.27,0
14586.0,276.0,1,237.36,1
14587.0,18.0,9,1601.14,0
14588.0,577.0,1,135.39,1
14589.0,371.0,1,79.5,1
14590.0,424.0,20,3006.62,1
14591.0,14.0,4,1447.14,0
14592.0,34.0,3,570.46,0
14593.0,21.0,12,3712.01,0
14594.0,6.0,2,634.83,0
14595.0,19.0,8,2164.45,0
14596.0,626.0,1,229.47,1
14597.0,10.0,6,2201.54,0
14598.0,43.0,2,384.04,0
14599.0,389.0,2,474.54,1
14600.0,305.0,2,865.17,1
14601.0,10.0,1,213.96,0
14602.0,655.0,1,205.36,1
14603.0,274.0,1,660.0,1
14604.0,632.0,1,143.86,1
14605.0,373.0,4,937.16,1
14606.0,0.0,192,30861.06,2
14607.0,15.0,22,24137.63,0
14608.0,3.0,11,3352.94,0
14609.0,71.0,10,1486.2,0
14610.0,395.0,2,24.35,1
14611.0,443.0,2,604.33,1
14612.0,414.0,1,877.7,1
14613.0,679.0,1,76.32,1
14614.0,385.0,1,295.13,1
14615.0,393.0,5,951.76,1
14616.0,242.0,5,527.78,0
14617.0,402.0,2,190.47,1
14618.0,8.0,7,1342.32,0
14619.0,245.0,2,1291.24,0
14620.0,205.0,2,412.78,0
14621.0,0.0,9,3000.57,0
14622.0,184.0,1,320.58,0
14623.0,31.0,10,2059.58,0
14624.0,56.0,6,814.07,0
14625.0,195.0,11,4497.88,0
14626.0,23.0,11,5410.92,0
14627.0,378.0,1,462.75,1
14628.0,90.0,5,1998.0,0
14629.0,3.0,2,959.01,0
14630.0,483.0,1,338.65,1
14631.0,50.0,6,2025.69,0
14632.0,262.0,1,114.56,1
14633.0,265.0,1,344.9,1
14634.0,437.0,4,2124.46,1
14635.0,453.0,1,215.22,1
14636.0,35.0,2,609.85,0
14637.0,676.0,1,106.68,1
14638.0,50.0,1,443.6,0
14639.0,51.0,9,4978.96,0
14640.0,23.0,10,3667.06,0
14641.0,21.0,1,110.46,0
14642.0,58.0,1,96.12,0
14643.0,169.0,5,1679.89,0
14644.0,67.0,7,2247.72,0
14645.0,156.0,3,876.89,0
14646.0,1.0,152,528602.52,2
14647.0,200.0,2,519.97,0
14648.0,415.0,15,4546.86,1
14649.0,4.0,9,3775.31,0
14650.0,588.0,1,62.5,1
14651.0,66.0,9,2034.12,0
14652.0,76.0,1,114.18,0
14653.0,0.0,12,3614.54,0
14654.0,737.0,1,246.86,1
14655.0,7.0,7,3878.51,0
14656.0,168.0,5,814.65,0
14657.0,17.0,6,1460.87,0
14658.0,4.0,2,247.15,0
14659.0,8.0,9,2529.93,0
14660.0,86.0,2,285.74,0
14661.0,26.0,1,107.95,0
14662.0,28.0,7,1416.33,0
14663.0,429.0,2,490.6,1
14664.0,19.0,2,637.89,0
14665.0,60.0,7,2749.65,0
14666.0,23.0,1,195.25,0
14667.0,10.0,54,21927.14,0
14668.0,444.0,1,111.63,1
14669.0,241.0,7,3243.93,0
14670.0,279.0,3,602.0,1
14671.0,548.0,2,1127.45,1
14672.0,234.0,4,1113.14,0
14673.0,2.0,7,3410.81,0
14674.0,508.0,1,173.66,1
14675.0,15.0,2,1066.9,0
14676.0,30.0,12,8356.79,0
14677.0,592.0,1,184.91,1
14678.0,578.0,1,403.39,1
14679.0,381.0,3,1289.44,1
14680.0,24.0,58,57412.77,0
14681.0,70.0,6,875.15,0
14682.0,187.0,6,1514.81,0
14683.0,587.0,1,146.56,1
14684.0,25.0,6,1468.55,0
14685.0,575.0,8,4619.79,1
14686.0,413.0,5,885.83,1
14687.0,106.0,3,1402.06,0
14688.0,7.0,28,7713.57,0
14689.0,208.0,1,112.8,0
14690.0,43.0,4,794.33,0
14691.0,30.0,5,2114.33,0
14692.0,136.0,12,1745.09,0
14693.0,264.0,7,1165.36,0
14694.0,616.0,1,244.31,1
14695.0,518.0,3,1620.07,1
14696.0,3.0,8,2767.9,0
14697.0,217.0,2,188.61,0
14698.0,1.0,5,1250.76,0
14699.0,213.0,4,702.6,0
14700.0,31.0,5,3116.26,0
14701.0,10.0,15,4562.09,0
14702.0,0.0,29,6754.22,0
14703.0,14.0,1,318.17,0
14704.0,10.0,11,1813.57,0
14705.0,198.0,1,179.0,0
14706.0,618.0,1,390.69,1
14707.0,435.0,2,139.2,1
14708.0,2.0,5,2212.28,0
14709.0,14.0,25,8886.33,0
14710.0,13.0,13,1922.59,0
14711.0,9.0,11,2868.8,0
14712.0,28.0,4,1328.07,0
14713.0,8.0,21,5418.87,0
14714.0,23.0,4,906.24,0
14715.0,24.0,8,1840.45,0
14716.0,42.0,3,565.45,0
14717.0,732.0,1,81.3,1
14718.0,409.0,1,226.42,1
14719.0,1.0,5,1602.13,0
14720.0,5.0,3,663.81,0
14721.0,378.0,1,115.77,1
14722.0,146.0,3,513.37,0
14723.0,9.0,11,2093.06,0
14724.0,589.0,1,345.25,1
14725.0,24.0,4,1315.24,0
14726.0,654.0,1,124.75,1
14727.0,273.0,3,467.93,1
14728.0,412.0,1,190.58,1
14729.0,373.0,3,907.38,1
14730.0,0.0,8,2005.06,0
14731.0,46.0,3,380.02,0
14732.0,7.0,19,5517.07,0
14733.0,15.0,15,16184.97,0
14734.0,425.0,4,1056.42,1
14735.0,3.0,56,12240.16,0
14736.0,484.0,2,401.08,1
14737.0,3.0,4,3554.17,0
14738.0,42.0,9,1821.9,0
14739.0,3.0,25,12287.5,0
14740.0,196.0,11,4161.06,0
14741.0,11.0,7,1897.59,0
14742.0,434.0,1,579.85,1
14743.0,592.0,1,50.48,1
14744.0,15.0,14,3885.08,0
14745.0,112.0,12,2571.81,0
14746.0,405.0,4,593.5,1
14747.0,248.0,1,328.2,1
14748.0,28.0,10,3152.32,0
14749.0,479.0,1,310.15,1
14750.0,735.0,1,112.03,1
14751.0,683.0,2,126.45,1
14752.0,43.0,1,389.64,0
14753.0,86.0,2,869.51,0
14754.0,44.0,6,1550.48,0
14755.0,9.0,25,9972.55,0
14756.0,14.0,3,2653.76,0
14757.0,74.0,1,420.5,0
14758.0,144.0,7,2864.97,0
14759.0,4.0,3,1625.97,0
14760.0,296.0,1,89.2,1
14761.0,58.0,3,447.92,0
14762.0,263.0,2,417.57,1
14764.0,46.0,1,278.3,0
14765.0,28.0,3,254.11,0
14766.0,7.0,11,6556.13,0
14767.0,473.0,1,382.81,1
14768.0,16.0,2,192.6,0
14769.0,2.0,17,15771.88,0
14770.0,231.0,8,3637.64,0
14771.0,620.0,2,594.62,1
14772.0,111.0,1,139.26,0
14773.0,592.0,1,140.55,1
14774.0,528.0,1,241.45,1
14775.0,57.0,3,1418.46,0
14776.0,50.0,15,3708.3,0
14777.0,403.0,1,307.56,1
14778.0,126.0,2,730.86,0
14779.0,280.0,3,386.15,1
14780.0,54.0,2,447.68,0
14782.0,319.0,1,200.1,1
14783.0,658.0,1,307.3,1
14784.0,25.0,3,449.93,0
14785.0,9.0,2,77.4,0
14786.0,549.0,1,90.96,1
14787.0,470.0,1,110.65,1
14788.0,6.0,3,1156.32,0
14789.0,28.0,1,197.64,0
14790.0,16.0,10,2526.62,0
14791.0,606.0,1,303.63,1
14792.0,63.0,1,6.2,0
14793.0,20.0,2,625.9,0
14794.0,2.0,10,1953.9,0
14795.0,165.0,1,131.45,0
14796.0,0.0,27,10889.64,0
14797.0,506.0,1,300.31,1
14798.0,52.0,8,724.31,0
14799.0,50.0,2,338.15,0
14800.0,47.0,17,7774.32,0
14801.0,60.0,1,193.14,0
14802.0,437.0,2,1502.98,1
14803.0,161.0,3,845.55,0
14804.0,8.0,1,353.27,0
14805.0,14.0,7,1104.64,0
14806.0,74.0,2,303.43,0
14807.0,390.0,2,519.29,1
14808.0,39.0,8,2741.17,0
14809.0,620.0,2,686.76,1
14810.0,40.0,13,2537.02,0
14811.0,386.0,1,170.5,1
14812.0,598.0,1,185.8,1
14813.0,369.0,4,1090.87,1
14814.0,580.0,1,160.46,1
14815.0,36.0,2,778.5,0
14816.0,196.0,1,271.85,0
14817.0,199.0,7,3959.86,0
14818.0,73.0,6,1170.41,0
14819.0,63.0,4,470.16,0
14820.0,20.0,9,1274.76,0
14821.0,366.0,7,1286.45,1
14822.0,484.0,1,157.7,1
14823.0,179.0,3,321.43,0
14824.0,9.0,10,4022.91,0
14825.0,3.0,24,4925.08,0
14826.0,581.0,2,385.2,1
14827.0,664.0,1,0.0,1
14828.0,196.0,13,9839.46,0
14829.0,28.0,7,1692.84,0
14830.0,52.0,1,197.13,0
14831.0,679.0,3,1676.57,1
14832.0,629.0,1,322.69,1
14833.0,498.0,1,94.8,1
14834.0,17.0,7,2206.16,0
14835.0,528.0,2,297.0,1
14836.0,9.0,3,102.45,0
14837.0,89.0,9,3460.32,0
14838.0,422.0,2,773.67,1
14839.0,417.0,3,915.28,1
14840.0,267.0,2,362.71,1
14841.0,52.0,14,7163.0,0
14842.0,43.0,4,2824.69,0
14843.0,436.0,1,211.8,1
14844.0,63.0,10,6702.43,0
14845.0,599.0,1,150.0,1
14846.0,426.0,1,437.4,1
14847.0,148.0,3,1348.95,0
14848.0,404.0,1,310.56,1
14849.0,21.0,43,15763.45,0
14850.0,311.0,7,1794.01,1
14851.0,22.0,3,829.41,0
14852.0,57.0,18,6147.18,0
14853.0,23.0,5,1376.87,0
14854.0,77.0,11,4322.86,0
14855.0,118.0,7,6520.3,0
14856.0,35.0,3,1311.38,0
14857.0,59.0,7,3651.851,0
14858.0,505.0,1,180.75,1
14859.0,12.0,5,1705.64,0
14860.0,18.0,1,170.32,0
14861.0,51.0,10,1380.73,0
14862.0,25.0,2,841.2,0
14863.0,28.0,1,266.76,0
14865.0,6.0,4,129.72,0
14866.0,10.0,19,20850.22,0
14867.0,185.0,16,2952.06,0
14868.0,2.0,12,4184.01,0
14869.0,8.0,6,2804.24,0
14870.0,261.0,6,1838.95,0
14871.0,2.0,9,1258.97,0
14872.0,483.0,3,816.6,1
14873.0,209.0,2,854.13,0
14874.0,534.0,1,116.18,1
14875.0,107.0,3,2862.4,0
14876.0,520.0,2,256.7,1
14877.0,417.0,2,437.0,1
14878.0,12.0,25,4105.24,0
14879.0,684.0,1,185.06,1
14880.0,76.0,3,706.19,0
14881.0,19.0,1,255.4,0
14882.0,26.0,14,3628.15,0
14883.0,18.0,6,761.59,0
14884.0,668.0,1,120.6,1
14885.0,131.0,3,1598.12,0
14886.0,252.0,1,364.8,1
14887.0,78.0,1,1862.0,0
14888.0,206.0,1,369.2,0
14889.0,335.0,1,135.9,1
14890.0,253.0,3,817.25,0
14891.0,147.0,4,1106.73,0
14892.0,690.0,1,202.35,1
14893.0,9.0,3,1809.61,0
14894.0,84.0,3,1492.81,0
14895.0,7.0,38,25119.54,0
14896.0,204.0,8,2092.42,0
14897.0,7.0,8,3140.54,0
14898.0,22.0,14,3507.81,0
14899.0,394.0,1,1384.88,1
14900.0,521.0,1,13.92,1
14901.0,10.0,12,2289.65,0
14902.0,25.0,3,1035.62,0
14903.0,20.0,5,2810.63,0
14904.0,1.0,4,1640.64,0
14905.0,157.0,8,1971.39,0
14906.0,444.0,1,68.44,1
14907.0,2.0,16,6165.79,0
14908.0,73.0,2,381.9,0
14909.0,436.0,3,1404.68,1
14910.0,2.0,4,434.35,0
14911.0,0.0,398,295972.63,2
14912.0,16.0,6,1889.25,0
14913.0,35.0,8,4073.13,0
14915.0,90.0,11,1811.25,0
14916.0,70.0,8,3042.95,0
14917.0,596.0,2,1123.75,1
14918.0,115.0,9,5955.81,0
14919.0,538.0,1,359.35,1
14920.0,212.0,3,1607.17,0
14921.0,29.0,2,1316.07,0
14922.0,393.0,2,843.74,1
14923.0,50.0,1,749.1,0
14924.0,245.0,3,931.01,0
14926.0,381.0,2,359.4,1
14927.0,396.0,1,308.2,1
14928.0,627.0,1,223.91,1
14929.0,31.0,2,836.69,0
14930.0,108.0,6,5246.63,0
14931.0,4.0,5,1257.68,0
14932.0,365.0,2,1029.66,1
14933.0,443.0,4,1770.0,1
14934.0,81.0,5,3503.5,0
14935.0,296.0,2,2849.83,1
14936.0,33.0,12,12410.81,0
14937.0,56.0,3,1621.88,0
14938.0,561.0,2,2322.43,1
14940.0,417.0,2,531.49,1
14941.0,578.0,1,182.1,1
14942.0,401.0,4,746.56,1
14943.0,662.0,1,107.62,1
14944.0,29.0,19,9784.67,0
14945.0,413.0,1,179.4,1
14946.0,13.0,1,100.9,0
14947.0,71.0,6,1049.79,0
14948.0,22.0,6,1101.97,0
14949.0,468.0,4,515.0,1
14950.0,18.0,1,371.2,0
14951.0,78.0,1,311.69,0
14952.0,59.0,32,17629.35,0
14953.0,24.0,4,1013.77,0
14954.0,11.0,2,503.44,0
14955.0,732.0,1,163.77,1
14956.0,420.0,1,1325.0,1
14957.0,252.0,2,333.29,1
14958.0,146.0,6,957.94,0
14959.0,63.0,4,695.42,0
14960.0,7.0,2,221.27,0
14961.0,10.0,22,16410.15,0
14962.0,270.0,4,366.91,1
14963.0,9.0,12,3164.48,0
14964.0,246.0,1,206.21,0
14965.0,95.0,2,599.0,0
14966.0,14.0,6,1115.84,0
14967.0,49.0,6,1982.61,0
14968.0,29.0,2,504.99,0
14969.0,703.0,1,906.23,1
14970.0,67.0,12,4919.35,0
14971.0,34.0,3,1116.57,0
14972.0,127.0,2,145.07,0
14973.0,106.0,3,1314.45,0
14974.0,36.0,1,114.39,0
14975.0,56.0,2,472.39,0
14976.0,56.0,7,790.86,0
14977.0,725.0,1,31.93,1
14978.0,71.0,10,3142.14,0
14979.0,734.0,1,439.46,1
14980.0,736.0,1,150.68,1
14981.0,245.0,2,372.92,0
14982.0,571.0,1,237.78,1
14983.0,688.0,1,183.2,1
14984.0,18.0,6,1271.41,0
14985.0,197.0,2,296.75,0
14986.0,375.0,2,566.9,1
14987.0,15.0,8,1713.85,0
14988.0,211.0,7,2066.6,0
14989.0,661.0,1,342.4,1
14990.0,611.0,2,305.42,1
14991.0,429.0,1,314.67,1
14992.0,441.0,1,210.5,1
14993.0,563.0,1,36.13,1
14994.0,381.0,5,960.63,1
14995.0,38.0,2,233.23,0
14996.0,480.0,2,442.29,1
14997.0,45.0,4,776.6,0
14998.0,169.0,4,770.73,0
14999.0,592.0,1,129.48,1
15000.0,47.0,1,490.52,0
15001.0,393.0,2,230.86,1
15002.0,115.0,9,4817.28,0
15003.0,472.0,6,1060.7,1
15004.0,146.0,1,1246.32,0
15005.0,15.0,56,14106.2,0
15006.0,50.0,2,825.14,0
15007.0,158.0,1,156.91,0
15008.0,479.0,2,360.0,1
15009.0,11.0,3,1261.78,0
15010.0,35.0,1,308.94,0
15011.0,395.0,2,416.6,1
15012.0,53.0,3,860.62,0
15013.0,487.0,10,1641.3,1
15014.0,42.0,2,260.17,0
15015.0,500.0,13,2365.02,1
15016.0,172.0,5,630.3,0
15017.0,33.0,1,125.58,0
15018.0,38.0,3,607.46,0
15019.0,266.0,1,266.0,1
15020.0,378.0,1,203.42,1
15021.0,8.0,12,2783.83,0
15022.0,11.0,5,1186.09,0
15023.0,2.0,20,12170.68,0
15024.0,9.0,16,4075.51,0
15025.0,32.0,2,1013.09,0
15026.0,79.0,5,1061.61,0
15027.0,30.0,10,3195.6,0
15028.0,7.0,6,1157.71,0
15029.0,619.0,1,365.1,1
15030.0,71.0,8,1979.91,0
15031.0,3.0,14,3156.58,0
15032.0,255.0,8,13780.65,0
15033.0,4.0,10,2586.67,0
15034.0,15.0,14,8313.4,0
15035.0,89.0,1,252.73,0
15036.0,71.0,3,465.55,0
15037.0,375.0,2,402.51,1
15038.0,58.0,9,1309.86,0
15039.0,9.0,93,40031.43,0
15040.0,541.0,1,7.49,1
15041.0,169.0,2,294.02,0
15042.0,198.0,2,315.45,0
15043.0,30.0,6,2873.8,0
15044.0,18.0,35,16204.33,0
15045.0,151.0,2,735.66,0
15046.0,8.0,25,7812.39,0
15047.0,269.0,1,343.62,1
15048.0,64.0,4,482.75,0
15049.0,273.0,1,121.17,1
15050.0,24.0,5,4193.79,0
15051.0,22.0,9,3935.16,0
15052.0,318.0,1,215.78,1
15053.0,4.0,3,697.79,0
15054.0,11.0,2,302.1,0
15055.0,474.0,3,560.07,1
15056.0,519.0,1,133.45,1
15057.0,274.0,5,3255.96,1
15058.0,24.0,16,3410.03,0
15059.0,40.0,19,3523.57,0
15060.0,7.0,4,303.09,0
15061.0,3.0,127,137818.52,2
15062.0,70.0,8,2585.62,0
15063.0,212.0,1,370.8,0
15064.0,409.0,4,1254.41,1
15065.0,37.0,5,3326.86,0
15066.0,52.0,1,893.59,0
15067.0,77.0,5,3877.88,0
15068.0,45.0,4,1176.85,0
15069.0,178.0,1,1109.53,0
15070.0,372.0,3,843.25,1
15071.0,93.0,4,1455.56,0
15072.0,478.0,1,187.52,1
15073.0,9.0,8,2788.02,0
15074.0,104.0,3,1566.33,0
15075.0,77.0,1,773.03,0
15076.0,172.0,3,1447.74,0
15077.0,494.0,2,2428.08,1
15078.0,6.0,53,17761.88,0
15079.0,212.0,11,3767.35,0
15080.0,427.0,2,546.25,1
15081.0,21.0,12,1965.72,0
15082.0,668.0,1,93.35,1
15083.0,256.0,1,88.2,1
15084.0,379.0,2,965.2,1
15085.0,729.0,1,347.54,1
15086.0,564.0,2,218.53,1
15087.0,281.0,1,306.94,1
15088.0,20.0,2,1160.07,0
15089.0,9.0,6,2420.84,0
15090.0,307.0,1,381.32,1
15091.0,67.0,3,1046.61,0
15092.0,214.0,3,776.46,0
15093.0,17.0,23,14326.11,0
15094.0,462.0,2,83.0,1
15095.0,103.0,10,3141.64,0
15096.0,42.0,1,219.39,0
15097.0,3.0,3,908.35,0
15098.0,181.0,3,39916.5,0
15099.0,83.0,1,410.48,0
15100.0,333.0,7,2894.7,1
15101.0,8.0,6,1477.94,0
15102.0,530.0,2,554.67,1
15103.0,30.0,2,703.36,0
15104.0,196.0,2,1027.44,0
15105.0,17.0,9,3094.91,0
15106.0,17.0,5,1422.52,0
15107.0,310.0,9,940.35,1
15108.0,141.0,4,1300.25,0
15109.0,245.0,3,983.1,0
15110.0,23.0,6,1505.85,0
15111.0,28.0,5,2730.87,0
15112.0,610.0,1,209.4,1
15113.0,9.0,3,3609.33,0
15114.0,29.0,12,3400.12,0
15115.0,17.0,2,531.85,0
15116.0,17.0,4,1352.75,0
15117.0,14.0,8,2485.97,0
15118.0,133.0,1,244.8,0
15119.0,245.0,1,266.4,0
15120.0,133.0,1,358.82,0
15121.0,49.0,2,457.72,0
15122.0,113.0,11,4497.47,0
15123.0,6.0,5,4656.17,0
15124.0,22.0,4,450.82,0
15125.0,24.0,24,17024.87,0
15126.0,536.0,2,449.49,1
15127.0,65.0,2,711.5,0
15128.0,59.0,5,1783.68,0
15129.0,49.0,23,6860.18,0
15130.0,169.0,1,330.11,0
15131.0,394.0,1,80.28,1
15132.0,17.0,5,977.93,0
15133.0,127.0,5,1806.9,0
15134.0,14.0,10,1596.29,0
15135.0,238.0,2,305.68,0
15136.0,2.0,4,1286.7,0
15137.0,520.0,2,823.4,1
15138.0,393.0,1,502.52,1
15139.0,239.0,2,178.96,0
15140.0,51.0,8,3243.69,0
15141.0,457.0,7,1388.47,1
15142.0,45.0,6,2619.92,0
15143.0,225.0,2,563.63,0
15144.0,7.0,29,12160.31,0
15145.0,3.0,4,1194.73,0
15146.0,164.0,2,1327.16,0
15147.0,239.0,1,623.5,0
15148.0,10.0,1,301.29,0
15149.0,133.0,5,1554.61,0
15150.0,16.0,13,9001.08,0
15151.0,422.0,2,2085.61,1
15152.0,9.0,14,5263.83,0
15153.0,30.0,1,329.25,0
15154.0,74.0,3,1388.41,0
15155.0,382.0,1,383.97,1
15156.0,0.0,3,961.49,0
15157.0,3.0,5,2654.11,0
15158.0,44.0,2,606.02,0
15159.0,1.0,34,22116.73,0
15160.0,356.0,4,589.27,1
15161.0,387.0,1,119.92,1
15162.0,730.0,1,312.9,1
15163.0,17.0,2,304.47,0
15164.0,68.0,9,2068.92,0
15165.0,372.0,1,975.5,1
15166.0,467.0,1,167.16,1
15167.0,320.0,5,1659.67,1
15168.0,25.0,1,106.56,0
15169.0,381.0,2,569.22,1
15170.0,406.0,1,81.15,1
15171.0,330.0,1,1289.5,1
15172.0,8.0,5,1624.05,0
15173.0,380.0,7,1494.6,1
15174.0,322.0,2,481.46,1
15175.0,71.0,1,224.14,0
15176.0,667.0,1,988.04,1
15177.0,425.0,1,948.93,1
15178.0,259.0,1,40.5,1
15179.0,17.0,13,7491.92,0
15180.0,366.0,3,904.43,1
15181.0,65.0,5,1200.2,0
15182.0,153.0,11,2998.952,0
15183.0,547.0,3,639.93,1
15184.0,28.0,4,689.95,0
15185.0,69.0,1,310.62,0
15186.0,13.0,5,1403.2,0
15187.0,1.0,16,4777.18,0
15188.0,724.0,1,310.43,1
15189.0,0.0,46,17524.38,0
15190.0,433.0,1,834.44,1
15191.0,462.0,3,588.05,1
15192.0,119.0,5,1981.39,0
15193.0,60.0,1,499.32,0
15194.0,2.0,28,12427.69,0
15195.0,2.0,1,3861.0,0
15196.0,432.0,2,316.25,1
15197.0,10.0,6,1877.51,0
15198.0,91.0,5,571.35,0
15199.0,58.0,10,3122.4,0
15200.0,494.0,1,549.05,1
15201.0,86.0,7,1842.95,0
15202.0,419.0,3,6001.49,1
15203.0,25.0,15,4400.18,0
15204.0,356.0,1,316.58,1
15205.0,84.0,2,653.24,0
15206.0,9.0,4,420.3,0
15207.0,415.0,3,683.92,1
15208.0,0.0,6,970.52,0
15209.0,729.0,1,178.98,1
15210.0,224.0,3,1176.19,0
15211.0,59.0,2,1277.48,0
15212.0,240.0,2,208.28,0
15213.0,318.0,2,328.35,1
15214.0,1.0,8,1661.44,0
15215.0,46.0,7,2422.43,0
15216.0,87.0,2,486.09,0
15217.0,562.0,1,426.24,1
15218.0,10.0,22,11516.57,0
15219.0,175.0,2,685.45,0
15220.0,51.0,6,1778.96,0
15221.0,365.0,4,2465.45,1
15222.0,318.0,11,3550.91,1
15223.0,225.0,5,1417.95,0
15224.0,357.0,5,871.36,1
15225.0,233.0,1,409.4,0
15226.0,310.0,1,154.41,1
15227.0,36.0,9,2488.49,0
15228.0,65.0,6,5580.27,0
15229.0,585.0,1,160.5,1
15230.0,238.0,2,429.6,0
15231.0,620.0,1,250.26,1
15232.0,112.0,2,612.06,0
15233.0,400.0,1,59.4,1
15234.0,276.0,1,197.0,1
15235.0,217.0,16,2937.81,0
15236.0,298.0,1,321.05,1
15237.0,1.0,4,1412.32,0
15238.0,28.0,3,1071.99,0
15239.0,9.0,2,780.59,0
15240.0,44.0,12,4459.98,0
15241.0,66.0,11,3050.16,0
15242.0,421.0,1,302.04,1
15243.0,73.0,2,927.28,0
15244.0,64.0,3,912.08,0
15245.0,133.0,8,4610.84,0
15246.0,237.0,3,780.4,0
15247.0,121.0,3,976.06,0
15248.0,410.0,3,1893.93,1
15249.0,31.0,18,9266.0,0
15250.0,640.0,1,60.0,1
15251.0,8.0,21,20324.54,0
15252.0,35.0,5,2103.41,0
15253.0,15.0,8,2055.09,0
15254.0,126.0,3,1088.35,0
15255.0,66.0,9,3729.42,0
15256.0,148.0,2,170.4,0
15257.0,282.0,2,685.9,1
15258.0,168.0,2,623.16,0
15259.0,512.0,4,1182.38,1
15260.0,99.0,25,9188.23,0
15261.0,134.0,4,1508.0,0
15262.0,323.0,3,418.82,1
15263.0,106.0,1,156.51,0
15264.0,63.0,2,848.4,0
15265.0,150.0,4,3345.64,0
15266.0,337.0,5,852.21,1
15267.0,21.0,5,1717.36,0
15268.0,478.0,3,961.9,1
15269.0,23.0,3,1225.36,0
15270.0,15.0,21,8524.86,0
15271.0,6.0,24,4709.54,0
15272.0,56.0,6,2085.48,0
15273.0,599.0,1,228.96,1
15274.0,3.0,2,716.57,0
15275.0,37.0,1,615.14,0
15276.0,65.0,4,649.53,0
15277.0,46.0,2,476.34,0
15278.0,561.0,4,496.16,1
15279.0,354.0,5,1580.54,1
15280.0,171.0,3,406.22,0
15281.0,58.0,16,8543.57,0
15282.0,569.0,1,348.59,1
15283.0,389.0,3,148.33,1
15284.0,499.0,1,24.75,1
15285.0,407.0,1,94.92,1
15286.0,49.0,1,240.55,0
15287.0,21.0,5,856.03,0
15288.0,42.0,10,3883.13,0
15289.0,28.0,5,1593.09,0
15290.0,4.0,26,10496.28,0
15291.0,25.0,40,13846.56,0
15292.0,200.0,1,180.94,0
15293.0,665.0,1,247.5,1
15294.0,410.0,1,233.35,1
15295.0,653.0,1,217.24,1
15296.0,50.0,12,10342.83,0
15297.0,9.0,3,641.94,0
15298.0,1.0,23,9459.37,0
15299.0,66.0,10,7991.54,0
15300.0,63.0,1,496.44,0
15301.0,50.0,17,7603.44,0
15302.0,729.0,1,308.0,1
15303.0,289.0,3,1224.18,1
15304.0,60.0,9,919.55,0
15305.0,554.0,1,93.6,1
15306.0,63.0,9,3484.73,0
15307.0,95.0,1,205.3,0
15308.0,273.0,1,310.47,1
15309.0,610.0,4,797.96,1
15310.0,478.0,1,1634.64,1
15311.0,0.0,208,116771.16,2
15312.0,74.0,12,2930.19,0
15313.0,109.0,1,52.0,0
15314.0,198.0,3,820.45,0
15315.0,63.0,2,570.5,0
15316.0,326.0,1,165.0,1
15317.0,676.0,1,129.75,1
15318.0,3.0,1,312.62,0
15319.0,283.0,1,204.5,1
15320.0,43.0,1,267.13,0
15321.0,70.0,12,6709.73,0
15322.0,85.0,2,1390.86,0
15323.0,562.0,3,434.6,1
15324.0,700.0,1,140.22,1
15325.0,103.0,8,1602.01,0
15326.0,333.0,5,1700.52,1
15327.0,52.0,1,208.75,0
15328.0,407.0,1,107.24,1
15329.0,38.0,11,2984.33,0
15330.0,31.0,2,714.96,0
15331.0,499.0,3,767.91,1
15332.0,365.0,6,6553.74,1
15333.0,207.0,1,1028.56,0
15334.0,156.0,3,351.67,0
15335.0,53.0,1,173.97,0
15336.0,401.0,1,240.5,1
15337.0,410.0,1,373.02,1
15338.0,676.0,1,283.43,1
15339.0,65.0,7,1827.84,0
15340.0,561.0,1,105.5,1
15341.0,80.0,2,2402.72,0
15342.0,129.0,1,406.09,0
15343.0,86.0,1,364.5,0
15344.0,0.0,3,563.94,0
15345.0,45.0,1,393.54,0
15346.0,332.0,3,596.12,1
15347.0,365.0,4,1363.6,1
15348.0,71.0,1,158.04,0
15349.0,157.0,2,473.81,0
15350.0,372.0,2,663.25,1
15351.0,11.0,10,3738.29,0
15352.0,548.0,1,114.95,1
15353.0,254.0,7,3175.95,0
15354.0,602.0,3,284.4,1
15355.0,28.0,2,277.05,0
15356.0,30.0,13,3464.95,0
15358.0,4.0,42,17050.41,0
15359.0,662.0,8,181.35,1
15360.0,39.0,1,427.93,0
15361.0,361.0,4,689.07,1
15362.0,448.0,2,613.08,1
15363.0,372.0,2,1004.11,1
15364.0,95.0,2,913.19,0
15365.0,25.0,13,4557.13,0
15366.0,74.0,7,2389.08,0
15367.0,56.0,11,5081.33,0
15368.0,20.0,2,722.74,0
15369.0,491.0,11,6251.26,1
15370.0,40.0,8,3739.01,0
15371.0,661.0,1,59.4,1
15372.0,136.0,8,6017.06,0
15373.0,7.0,17,3421.39,0
15374.0,128.0,2,307.32,0
15375.0,689.0,1,60.96,1
15376.0,39.0,3,1233.36,0
15377.0,382.0,4,1211.75,1
15378.0,462.0,2,246.5,1
15379.0,168.0,8,4877.84,0
15380.0,8.0,11,3479.06,0
15381.0,213.0,5,1890.57,0
15382.0,14.0,12,13733.55,0
15384.0,169.0,4,2027.79,0
15385.0,39.0,3,942.08,0
15386.0,185.0,1,394.14,0
15387.0,491.0,1,468.65,1
15388.0,269.0,1,140.54,1
15389.0,171.0,5,2733.8,0
15390.0,395.0,2,1216.66,1
15391.0,583.0,1,289.87,1
15392.0,4.0,7,2911.62,0
15393.0,15.0,5,891.34,0
15394.0,9.0,11,5286.8,0
15395.0,325.0,1,107.45,1
15396.0,112.0,2,796.38,0
15397.0,289.0,1,94.0,1
15398.0,15.0,2,1345.53,0
15399.0,0.0,3,815.77,0
15400.0,91.0,8,1302.3,0
15401.0,451.0,2,216.95,1
15402.0,148.0,6,1830.54,0
15403.0,491.0,2,170.88,1
15404.0,375.0,1,257.06,1
15405.0,188.0,2,659.84,0
15406.0,30.0,4,975.87,0
15407.0,33.0,4,1056.44,0
15408.0,263.0,1,267.18,1
15409.0,720.0,1,131.25,1
15410.0,83.0,10,4685.72,0
15411.0,25.0,4,1358.88,0
15412.0,170.0,1,190.53,0
15413.0,691.0,5,6798.72,1
15414.0,9.0,3,774.9,0
15415.0,312.0,1,572.81,1
15416.0,64.0,7,4572.82,0
15417.0,84.0,1,508.8,0
15418.0,424.0,2,452.32,1
15419.0,24.0,1,135.86,0
15420.0,433.0,6,743.0,1
15421.0,58.0,10,3805.34,0
15422.0,322.0,7,1619.97,1
15423.0,37.0,3,266.89,0
15424.0,253.0,3,597.78,0
15425.0,399.0,4,1944.57,1
15426.0,18.0,9,2615.39,0
15427.0,32.0,3,1483.14,0
15428.0,14.0,4,762.75,0
15429.0,26.0,2,397.35,0
15430.0,467.0,2,954.75,1
15431.0,502.0,1,153.24,1
15432.0,22.0,2,320.76,0
15433.0,213.0,2,533.3,0
15434.0,7.0,11,2567.06,0
15435.0,21.0,1,149.29,0
15436.0,11.0,3,1122.53,0
15437.0,261.0,2,393.45,1
15438.0,130.0,1,156.58,0
15439.0,404.0,4,1269.05,1
15440.0,54.0,3,383.68,0
15441.0,395.0,3,1254.21,1
15442.0,248.0,1,594.0,1
15443.0,1.0,14,5175.93,0
15444.0,8.0,2,1418.26,0
15445.0,263.0,2,284.5,1
15446.0,376.0,3,406.95,1
15447.0,330.0,5,492.88,1
15448.0,312.0,2,788.81,1
15449.0,25.0,3,974.52,0
15450.0,29.0,1,429.84,0
15451.0,433.0,2,233.21,1
15452.0,29.0,6,1799.11,0
15453.0,1.0,7,1388.37,0
15454.0,361.0,2,307.69,1
15455.0,597.0,1,38.25,1
15456.0,282.0,10,2119.27,1
15457.0,261.0,1,237.07,1
15458.0,24.0,2,370.44,0
15459.0,416.0,2,202.83,1
15460.0,353.0,1,216.76,1
15461.0,460.0,2,429.7,1
15462.0,93.0,4,737.05,0
15463.0,28.0,1,126.14,0
15464.0,337.0,1,1048.85,1
15465.0,19.0,32,12655.65,0
15466.0,84.0,4,1571.01,0
15467.0,8.0,3,524.88,0
15468.0,50.0,3,1430.48,0
15469.0,49.0,3,874.25,0
15470.0,575.0,1,63.42,1
15471.0,1.0,3,1316.56,0
15472.0,112.0,1,371.56,0
15473.0,13.0,8,2046.0,0
15474.0,595.0,1,163.1,1
15475.0,76.0,1,454.11,0
15476.0,379.0,4,2209.98,1
15477.0,649.0,1,368.4,1
15478.0,39.0,3,2024.98,0
15479.0,732.0,1,147.4,1
15480.0,115.0,5,6279.0,0
15481.0,400.0,1,1993.34,1
15482.0,15.0,19,14592.56,0
15483.0,160.0,10,862.2,0
15484.0,0.0,6,4656.0,0
15485.0,29.0,7,5771.51,0
15486.0,526.0,1,102.0,1
15487.0,679.0,1,231.32,1
15488.0,92.0,5,431.92,0
15489.0,22.0,8,2419.61,0
15490.0,429.0,1,217.6,1
15491.0,94.0,6,3100.09,0
15492.0,27.0,2,659.46,0
15493.0,32.0,9,4314.98,0
15494.0,20.0,5,3780.05,0
15495.0,378.0,1,246.5,1
15496.0,630.0,1,146.14,1
15497.0,17.0,9,8657.39,0
15498.0,2.0,44,26039.58,0
15499.0,723.0,1,161.6,1
15500.0,7.0,4,1131.56,0
15501.0,404.0,2,402.5,1
15502.0,15.0,14,13993.47,0
15503.0,362.0,2,267.15,1
15504.0,80.0,4,423.85,0
15505.0,52.0,5,3610.96,0
15506.0,22.0,6,2040.03,0
15507.0,171.0,1,492.36,0
15508.0,188.0,6,1000.27,0
15509.0,379.0,1,166.51,1
15510.0,330.0,1,250.0,1
15511.0,11.0,5,909.23,0
15512.0,155.0,4,331.58,0
15513.0,32.0,35,27750.55,0
15514.0,11.0,18,6598.55,0
15515.0,386.0,1,171.81,1
15516.0,44.0,3,62.43,0
15517.0,232.0,1,267.03,0
15518.0,63.0,15,4218.94,0
15519.0,382.0,2,344.61,1
15520.0,1.0,1,343.5,0
15521.0,39.0,16,7106.69,0
15522.0,32.0,2,398.84,0
15523.0,83.0,16,17359.99,0
15524.0,24.0,2,591.4,0
15525.0,1.0,4,1295.7,0
15526.0,32.0,2,148.44,0
15527.0,18.0,23,5575.64,0
15528.0,253.0,1,229.33,1
15529.0,22.0,12,5111.95,0
15530.0,21.0,5,1813.72,0
15531.0,7.0,2,2007.44,0
15532.0,24.0,10,3771.9,0
15533.0,18.0,3,807.57,0
15534.0,725.0,1,162.25,1
15535.0,172.0,6,1087.82,0
15536.0,408.0,1,259.09,1
15537.0,162.0,1,110.92,0
15538.0,537.0,6,3358.4,1
15539.0,6.0,1,538.46,0
15540.0,10.0,2,460.68,0
15541.0,113.0,1,85.13,0
15542.0,511.0,3,918.45,1
15543.0,287.0,2,242.84,1
15544.0,8.0,20,8162.43,0
15545.0,53.0,2,428.05,0
15546.0,606.0,2,1079.1,1
15547.0,6.0,26,10154.39,0
15548.0,595.0,1,158.09,1
15549.0,76.0,8,2345.96,0
15550.0,3.0,12,2218.8,0
15551.0,36.0,7,1710.08,0
15552.0,216.0,2,252.52,0
15553.0,59.0,1,437.23,0
15554.0,277.0,1,217.2,1
15555.0,11.0,36,12112.35,0
15556.0,23.0,1,279.77,0
15557.0,28.0,1,473.65,0
15558.0,638.0,1,214.13,1
15559.0,567.0,1,1109.4,1
15560.0,397.0,2,153.52,1
15561.0,11.0,8,1934.39,0
15562.0,351.0,3,673.38,1
15563.0,21.0,7,2867.0,0
15564.0,462.0,2,70.74,1
15565.0,49.0,2,173.16,0
15566.0,392.0,2,227.87,1
15567.0,18.0,1,186.01,0
15568.0,2.0,3,758.29,0
15569.0,103.0,10,3586.35,0
15570.0,6.0,25,9311.04,0
15571.0,11.0,14,4051.63,0
15572.0,4.0,10,4068.67,0
15573.0,31.0,5,1207.18,0
15574.0,177.0,6,1518.7,0
15575.0,619.0,1,30.1,1
15576.0,37.0,1,940.67,0
15577.0,150.0,5,397.98,0
15578.0,161.0,1,127.1,0
15579.0,68.0,5,1302.5,0
15580.0,376.0,8,1381.19,1
15581.0,120.0,38,7794.59,0
15582.0,24.0,3,682.91,0
15583.0,375.0,1,107.86,1
15584.0,23.0,6,1277.5,0
15585.0,176.0,1,455.3,0
15586.0,592.0,3,1139.1,1
15587.0,49.0,7,1522.08,0
15588.0,677.0,1,579.6,1
15589.0,255.0,3,478.53,1
15590.0,381.0,5,1496.6,1
15591.0,582.0,3,217.9,1
15592.0,46.0,1,388.58,0
15593.0,70.0,1,199.8,0
15594.0,15.0,5,1771.78,0
15595.0,487.0,1,357.6,1
15596.0,100.0,9,3130.04,0
15597.0,34.0,2,563.37,0
15598.0,52.0,2,548.02,0
15599.0,26.0,3,1250.06,0
15600.0,427.0,4,1199.31,1
15601.0,10.0,30,14960.12,0
15602.0,7.0,16,3230.51,0
15603.0,78.0,2,88.48,0
15604.0,51.0,1,216.39,0
15605.0,35.0,9,1936.8,0
15606.0,60.0,17,5230.99,0
15607.0,336.0,9,1708.97,1
15608.0,27.0,5,1785.98,0
15609.0,183.0,1,298.48,0
15610.0,51.0,1,112.46,0
15611.0,9.0,26,2997.28,0
15612.0,35.0,2,195.15,0
15613.0,609.0,1,433.72,1
15614.0,437.0,4,3147.36,1
15615.0,9.0,47,21373.97,0
15616.0,437.0,1,317.11,1
15617.0,395.0,3,828.55,1
15618.0,32.0,4,776.851,0
15619.0,10.0,1,336.4,0
15620.0,56.0,4,1942.36,0
15621.0,3.0,4,1293.03,0
15622.0,42.0,17,7852.61,0
15623.0,140.0,8,2437.05,0
15624.0,116.0,4,588.13,0
15625.0,103.0,9,3236.4,0
15626.0,74.0,3,1067.52,0
15627.0,456.0,2,566.9,1
15628.0,4.0,17,5652.26,0
15629.0,449.0,4,2240.9,1
15630.0,44.0,3,1481.4,0
15631.0,641.0,1,596.67,1
15632.0,15.0,8,3285.31,0
15633.0,508.0,13,4352.46,1
15634.0,16.0,2,554.65,0
15635.0,395.0,1,100.35,1
15636.0,89.0,4,1444.58,0
15637.0,52.0,5,797.59,0
15638.0,378.0,6,2265.2,1
15639.0,133.0,3,1065.08,0
15640.0,3.0,29,23957.58,0
15641.0,104.0,12,5345.55,0
15642.0,729.0,1,105.78,1
15643.0,191.0,3,664.0,0
15644.0,165.0,4,813.0,0
15645.0,18.0,3,1055.17,0
15646.0,157.0,5,974.61,0
15647.0,414.0,1,169.0,1
15648.0,203.0,2,657.35,0
15649.0,335.0,4,2170.35,1
15650.0,521.0,2,553.88,1
15651.0,36.0,5,1259.06,0
15652.0,90.0,5,1420.34,0
15653.0,92.0,2,877.44,0
15654.0,8.0,2,922.53,0
15655.0,242.0,1,560.67,0
15656.0,44.0,4,748.5,0
15657.0,22.0,1,30.0,0
15658.0,189.0,8,2423.47,0
15659.0,43.0,3,532.49,0
15660.0,24.0,15,2812.99,0
15661.0,316.0,8,1215.95,1
15662.0,660.0,2,283.73,1
15663.0,105.0,1,138.14,0
15664.0,50.0,4,1254.03,0
15665.0,167.0,5,4015.12,0
15666.0,471.0,2,632.94,1
15667.0,39.0,1,301.32,0
15668.0,217.0,1,76.32,0
15669.0,39.0,4,684.34,0
15670.0,296.0,2,325.2,1
15671.0,18.0,7,2657.13,0
15672.0,724.0,1,45.3,1
15673.0,87.0,9,6414.79,0
15674.0,72.0,13,6948.23,0
15675.0,80.0,4,542.04,0
15676.0,18.0,3,3435.76,0
15677.0,48.0,3,1305.63,0
15678.0,52.0,3,1893.89,0
15679.0,23.0,4,781.28,0
15680.0,8.0,10,4507.58,0
15681.0,24.0,14,2989.7,0
15682.0,598.0,2,318.24,1
15683.0,116.0,2,524.54,0
15684.0,546.0,3,173.95,1
15685.0,449.0,1,55.98,1
15686.0,419.0,1,90.0,1
15687.0,8.0,9,2993.1,0
15688.0,418.0,1,190.57,1
15689.0,119.0,3,521.03,0
15690.0,3.0,2,239.76,0
15691.0,251.0,4,571.3,0
15692.0,27.0,1,191.04,0
15693.0,658.0,1,37.5,1
15694.0,0.0,24,10810.81,0
15695.0,266.0,4,1131.04,1
15696.0,32.0,13,3906.57,0
15697.0,689.0,1,246.75,1
15698.0,623.0,1,46.2,1
15699.0,17.0,1,309.65,0
15700.0,171.0,2,696.68,0
15701.0,1.0,4,1542.14,0
15702.0,475.0,2,140.39,1
15703.0,264.0,1,211.5,1
15704.0,139.0,6,3817.96,0
15705.0,200.0,1,143.1,0
15706.0,63.0,4,1060.56,0
15707.0,34.0,4,945.58,0
15708.0,40.0,9,4378.72,0
15709.0,283.0,2,327.85,1
15710.0,416.0,1,898.87,1
15711.0,556.0,2,420.25,1
15712.0,8.0,12,3472.41,0
15713.0,142.0,4,1010.79,0
15714.0,11.0,5,784.81,0
15715.0,555.0,5,658.02,1
15716.0,145.0,11,3056.81,0
15717.0,233.0,5,607.0,0
15718.0,539.0,1,293.79,1
15719.0,32.0,31,10223.06,0
15720.0,23.0,2,741.92,0
15721.0,11.0,1,507.08,0
15722.0,35.0,11,5258.1,0
15723.0,364.0,4,947.65,1
15724.0,200.0,3,310.85,0
15725.0,14.0,1,415.25,0
15726.0,389.0,1,321.91,1
15727.0,16.0,15,9445.51,0
15728.0,379.0,2,544.6,1
15729.0,212.0,3,192.55,0
15730.0,65.0,5,1726.58,0
15731.0,553.0,1,125.3,1
15732.0,211.0,10,1682.07,0
15733.0,282.0,1,162.3,1
15734.0,114.0,4,2263.3,0
15735.0,420.0,1,327.68,1
15736.0,434.0,2,1815.72,1
15737.0,14.0,8,1205.12,0
15738.0,18.0,41,13372.97,0
15739.0,65.0,1,449.12,0
15740.0,48.0,1,154.88,0
15741.0,457.0,2,208.62,1
15742.0,618.0,1,156.87,1
15743.0,15.0,4,784.46,0
15744.0,77.0,1,34.8,0
15745.0,18.0,4,1094.59,0
15746.0,133.0,1,196.88,0
15747.0,12.0,9,2562.61,0
15748.0,39.0,3,614.76,0
15749.0,234.0,3,44534.3,0
15750.0,2.0,18,6797.191,0
15751.0,460.0,11,1380.44,1
15752.0,39.0,9,4207.54,0
15753.0,304.0,1,79.2,1
15754.0,50.0,9,3037.61,0
15755.0,9.0,17,5993.12,0
15756.0,60.0,4,532.96,0
15757.0,65.0,6,2940.36,0
15758.0,24.0,1,205.25,0
15759.0,217.0,7,830.93,0
15760.0,630.0,2,13916.34,1
15761.0,442.0,1,143.05,1
15762.0,64.0,2,583.75,0
15763.0,31.0,2,1086.92,0
15764.0,87.0,8,4503.08,0
15765.0,666.0,1,370.63,1
15766.0,63.0,3,831.06,0
15768.0,115.0,34,15601.09,0
15769.0,6.0,46,88704.32,0
15770.0,612.0,1,321.45,1
15771.0,603.0,3,1006.54,1
15772.0,417.0,1,280.88,1
15773.0,5.0,2,774.52,0
15774.0,68.0,6,1329.94,0
15775.0,244.0,2,150.5,0
15776.0,132.0,1,241.62,0
15777.0,240.0,7,1762.61,0
15778.0,430.0,1,307.95,1
15779.0,462.0,2,124.08,1
15780.0,183.0,3,475.28,0
15781.0,24.0,3,345.46,0
15782.0,9.0,4,4014.1,0
15783.0,10.0,1,246.3,0
15784.0,467.0,2,848.33,1
15785.0,32.0,16,5969.93,0
15786.0,45.0,5,8514.82,0
15787.0,25.0,3,948.05,0
15788.0,508.0,1,221.83,1
15789.0,357.0,6,1962.01,1
15790.0,9.0,1,220.85,0
15791.0,43.0,5,3608.34,0
15792.0,399.0,2,933.84,1
15793.0,14.0,8,2399.57,0
15794.0,735.0,2,777.0,1
15795.0,149.0,8,1979.87,0
15796.0,0.0,17,5175.83,0
15797.0,112.0,6,2821.08,0
15798.0,492.0,3,1535.37,1
15799.0,75.0,4,1424.29,0
15800.0,106.0,7,1242.58,0
15801.0,45.0,3,1063.95,0
15802.0,142.0,1,451.42,0
15803.0,50.0,4,1929.66,0
15804.0,0.0,13,4206.39,0
15805.0,22.0,30,10189.23,0
15806.0,45.0,3,784.58,0
15807.0,49.0,5,1817.52,0
15808.0,305.0,21,18409.93,0
15809.0,35.0,7,1274.44,0
15810.0,78.0,8,2999.04,0
15811.0,21.0,7,3890.52,0
15812.0,106.0,12,5201.47,0
15813.0,207.0,2,1303.91,0
15814.0,16.0,6,2634.44,0
15815.0,63.0,5,2100.6,0
15816.0,541.0,2,144.15,1
15817.0,420.0,3,2766.4,1
15818.0,587.0,1,340.5,1
15819.0,48.0,10,3934.79,0
15820.0,319.0,1,206.98,1
15821.0,43.0,2,570.96,0
15822.0,2.0,6,1840.06,0
15823.0,371.0,3,3897.17,1
15824.0,452.0,2,890.94,1
15825.0,171.0,1,532.94,0
15826.0,55.0,4,2598.28,0
15827.0,72.0,28,3794.07,0
15828.0,374.0,1,1108.82,1
15829.0,98.0,2,636.14,0
15830.0,37.0,1,576.0,0
15831.0,57.0,3,801.76,0
15832.0,253.0,1,836.79,1
15833.0,737.0,1,80.4,1
15834.0,69.0,7,3772.99,0
15835.0,43.0,4,954.09,0
15836.0,49.0,1,137.37,0
15837.0,64.0,2,777.01,0
15838.0,10.0,34,74163.0,0
15839.0,32.0,3,1048.49,0
15840.0,58.0,2,355.56,0
15841.0,72.0,9,2742.41,0
15842.0,392.0,2,548.8,1
15843.0,303.0,1,118.95,1
15844.0,45.0,1,130.74,0
15845.0,17.0,11,4426.28,0
15846.0,384.0,1,107.01,1
15847.0,37.0,5,822.57,0
15848.0,621.0,1,139.94,1
15850.0,18.0,6,1058.72,0
15851.0,526.0,1,109.73,1
15852.0,186.0,3,257.26,0
15853.0,51.0,1,110.8,0
15854.0,3.0,21,5583.81,0
15855.0,136.0,6,1052.72,0
15856.0,3.0,52,34220.34,0
15857.0,18.0,2,570.48,0
15858.0,15.0,13,3960.37,0
15859.0,431.0,1,438.46,1
15860.0,40.0,17,2505.21,0
15861.0,11.0,12,4401.79,0
15862.0,7.0,13,2928.29,0
15863.0,25.0,5,358.7,0
15864.0,21.0,7,2180.76,0
15865.0,40.0,5,2248.92,0
15866.0,100.0,1,230.53,0
15867.0,4.0,31,9063.95,0
15868.0,582.0,1,94.53,1
15869.0,276.0,3,323.66,1
15870.0,32.0,4,862.61,0
15871.0,436.0,1,33.1,1
15872.0,14.0,4,795.68,0
15873.0,499.0,4,313.92,1
15874.0,63.0,21,11284.76,0
15875.0,645.0,1,111.72,1
15876.0,408.0,2,1449.14,1
15877.0,1.0,2,493.28,0
15878.0,561.0,2,330.77,1
15879.0,403.0,4,1157.3,1
15880.0,368.0,1,686.56,1
15881.0,311.0,5,501.39,1
15882.0,198.0,8,1495.98,0
15883.0,1.0,2,396.48,0
15884.0,431.0,2,249.7,1
15885.0,92.0,15,1951.82,0
15886.0,59.0,4,1052.87,0
15887.0,406.0,3,1027.15,1
15888.0,80.0,3,429.16,0
15889.0,156.0,8,1806.28,0
15890.0,394.0,5,535.65,1
15891.0,226.0,1,524.52,0
15892.0,668.0,1,128.2,1
15893.0,481.0,1,305.28,1
15894.0,252.0,2,420.29,1
15895.0,149.0,1,179.17,0
15897.0,193.0,2,222.05,0
15898.0,0.0,25,5596.31,0
15899.0,368.0,1,112.5,1
15900.0,23.0,4,900.4,0
15901.0,16.0,7,703.22,0
15902.0,379.0,1,145.01,1
15903.0,9.0,12,8939.84,0
15904.0,7.0,1,164.68,0
15905.0,542.0,1,114.69,1
15906.0,19.0,10,2555.64,0
15907.0,3.0,3,967.45,0
15908.0,490.0,2,764.57,1
15909.0,173.0,1,191.94,0
15910.0,0.0,15,2681.8,0
15911.0,623.0,8,1702.34,1
15912.0,177.0,9,1074.7,0
15913.0,533.0,1,6.3,1
15914.0,377.0,2,205.99,1
15915.0,401.0,1,429.21,1
15916.0,15.0,13,3427.17,0
15917.0,247.0,5,560.63,0
15918.0,190.0,3,582.88,0
15919.0,19.0,2,910.61,0
15920.0,153.0,9,571.64,0
15921.0,172.0,4,802.11,0
15922.0,372.0,1,739.0,1
15923.0,372.0,1,254.16,1
15924.0,730.0,1,102.82,1
15925.0,193.0,1,207.15,0
15926.0,541.0,1,134.44,1
15927.0,646.0,1,123.39,1
15928.0,655.0,1,293.53,1
15929.0,643.0,1,594.0,1
15930.0,66.0,1,426.63,0
15931.0,427.0,1,239.9,1
15932.0,3.0,8,2495.87,0
15933.0,20.0,3,1107.46,0
15934.0,417.0,2,2190.66,1
15935.0,238.0,2,416.86,0
15936.0,378.0,2,282.79,1
15937.0,63.0,1,145.35,0
15938.0,111.0,9,734.81,0
15939.0,89.0,16,9060.39,0
15940.0,310.0,1,35.8,1
15941.0,636.0,1,405.0,1
15942.0,133.0,1,337.44,0
15943.0,649.0,2,271.29,1
15944.0,276.0,4,2164.24,1
15945.0,364.0,4,827.27,1
15946.0,502.0,3,2304.18,1
15947.0,82.0,1,1708.24,0
15948.0,7.0,3,1509.09,0
15949.0,16.0,2,364.72,0
15950.0,31.0,10,7180.71,0
15951.0,8.0,3,1013.17,0
15952.0,33.0,4,806.57,0
15953.0,14.0,18,3669.55,0
15954.0,588.0,1,190.75,1
15955.0,23.0,22,8658.36,0
15956.0,550.0,2,617.6,1
15957.0,31.0,3,930.1,0
15958.0,73.0,4,492.99,0
15959.0,681.0,3,579.49,1
15960.0,373.0,4,410.95,1
15961.0,378.0,1,451.29,1
15962.0,448.0,1,295.83,1
15963.0,19.0,2,470.76,0
15964.0,662.0,1,272.96,1
15965.0,16.0,13,3013.09,0
15966.0,450.0,1,426.53,1
15967.0,22.0,12,3041.6,0
15968.0,387.0,1,418.05,1
15969.0,2.0,5,1127.05,0
15970.0,303.0,2,1017.32,1
15971.0,17.0,18,5902.83,0
15972.0,455.0,5,1810.27,1
15973.0,366.0,3,988.44,1
15974.0,38.0,7,3442.15,0
15975.0,83.0,1,371.01,0
15976.0,164.0,6,1746.64,0
15977.0,16.0,2,1054.73,0
15978.0,76.0,3,3279.42,0
15979.0,602.0,1,329.22,1
15980.0,88.0,7,6593.68,0
15981.0,24.0,21,9362.77,0
15982.0,604.0,1,324.51,1
15983.0,21.0,8,3958.82,0
15984.0,2.0,30,8759.32,0
15985.0,122.0,7,2715.28,0
15986.0,29.0,2,354.42,0
15987.0,11.0,8,1682.13,0
15988.0,18.0,3,770.09,0
15989.0,375.0,2,372.51,1
15990.0,43.0,7,2010.05,0
15991.0,533.0,1,150.55,1
15992.0,3.0,3,896.6,0
15993.0,8.0,7,2797.57,0
15994.0,54.0,3,1202.18,0
15995.0,413.0,1,696.19,1
15996.0,87.0,7,1686.9,0
15998.0,36.0,16,8308.34,0
15999.0,735.0,1,20.4,1
16000.0,2.0,3,12393.7,0
16001.0,380.0,1,583.39,1
16002.0,624.0,1,169.21,1
16003.0,29.0,10,5613.83,0
16004.0,474.0,5,2146.39,1
16005.0,11.0,10,2436.22,0
16006.0,210.0,2,347.17,0
16007.0,47.0,7,3075.14,0
16008.0,23.0,15,5384.13,0
16009.0,21.0,4,992.71,0
16010.0,245.0,11,1724.06,0
16011.0,7.0,29,5880.46,0
16012.0,34.0,5,2989.79,0
16013.0,3.0,84,57446.44,0
16014.0,37.0,5,1130.27,0
16015.0,3.0,3,705.39,0
16016.0,2.0,11,2533.94,0
16017.0,46.0,5,1553.83,0
16018.0,38.0,4,698.13,0
16019.0,46.0,27,17465.85,0
16020.0,16.0,3,851.01,0
16021.0,394.0,2,532.25,1
16022.0,259.0,1,628.28,1
16023.0,45.0,3,719.81,0
16024.0,11.0,3,484.2,0
16025.0,29.0,1,439.66,0
16026.0,42.0,1,236.09,0
16027.0,91.0,15,2048.36,0
16028.0,595.0,1,82.2,1
16029.0,38.0,107,122209.14,2
16030.0,309.0,1,331.24,1
16031.0,91.0,2,548.94,0
16032.0,455.0,6,1970.45,1
16033.0,5.0,27,10836.13,0
16034.0,195.0,6,928.72,0
16035.0,559.0,1,217.73,1
16036.0,86.0,4,2556.84,0
16037.0,269.0,5,1509.34,1
16038.0,7.0,3,471.78,0
16039.0,423.0,2,456.4,1
16040.0,64.0,7,2416.9,0
16041.0,30.0,3,3166.4,0
16042.0,21.0,8,2265.12,0
16043.0,37.0,8,1856.59,0
16044.0,434.0,1,340.84,1
16045.0,119.0,8,3434.93,0
16046.0,561.0,1,235.78,1
16047.0,681.0,1,107.14,1
16048.0,372.0,4,1075.23,1
16049.0,39.0,6,1899.68,0
16050.0,173.0,3,300.7,0
16051.0,681.0,1,188.44,1
16052.0,53.0,1,362.06,0
16053.0,32.0,6,3634.84,0
16054.0,144.0,4,2111.88,0
16055.0,220.0,1,134.8,0
16056.0,44.0,1,664.85,0
16057.0,15.0,10,3854.85,0
16058.0,405.0,1,62.7,1
16059.0,65.0,12,3217.77,0
16060.0,400.0,3,541.95,1
16061.0,430.0,1,89.65,1
16062.0,9.0,8,2863.45,0
16063.0,259.0,1,335.32,1
16064.0,724.0,1,111.0,1
16065.0,364.0,8,2382.62,1
16066.0,16.0,5,1521.87,0
16067.0,562.0,3,3395.29,1
16068.0,593.0,1,122.93,1
16069.0,417.0,1,457.7,1
16070.0,21.0,2,852.15,0
16071.0,44.0,4,1076.8,0
16072.0,287.0,4,4328.89,1
16073.0,296.0,1,122.4,1
16074.0,389.0,1,265.25,1
16075.0,502.0,2,736.93,1
16076.0,2.0,10,2234.73,0
16077.0,625.0,1,2300.4,1
16078.0,283.0,2,362.99,1
16079.0,16.0,3,1352.0,0
16080.0,81.0,4,602.56,0
16081.0,55.0,8,4460.18,0
16082.0,669.0,1,106.75,1
16083.0,100.0,4,2351.42,0
16084.0,298.0,1,436.18,1
16085.0,22.0,12,2343.53,0
16086.0,58.0,10,2864.99,0
16087.0,388.0,5,1739.92,1
16088.0,575.0,2,1437.43,1
16089.0,385.0,2,271.44,1
16090.0,623.0,1,205.91,1
16091.0,154.0,2,315.06,0
16092.0,114.0,6,1587.94,0
16093.0,106.0,1,17.0,0
16094.0,11.0,11,3695.56,0
16095.0,455.0,1,447.05,1
16096.0,263.0,4,1584.97,1
16097.0,239.0,1,185.05,0
16098.0,87.0,14,4448.1,0
16099.0,49.0,7,1573.2,0
16100.0,462.0,1,582.64,1
16101.0,70.0,4,3229.16,0
16102.0,41.0,3,1842.14,0
16103.0,6.0,22,6191.71,0
16104.0,61.0,9,2778.61,0
16105.0,248.0,5,2386.19,0
16106.0,65.0,1,108.38,0
16107.0,17.0,7,3204.16,0
16108.0,84.0,4,2235.92,0
16109.0,218.0,3,939.48,0
16110.0,44.0,4,1819.27,0
16111.0,427.0,1,562.48,1
16112.0,142.0,4,195.74,0
16113.0,182.0,1,161.38,0
16114.0,170.0,1,135.75,0
16115.0,9.0,12,2575.14,0
16116.0,211.0,1,612.78,0
16117.0,189.0,3,654.4,0
16118.0,652.0,1,4376.25,1
16119.0,7.0,8,1720.81,0
16120.0,58.0,6,3056.91,0
16121.0,56.0,5,1477.09,0
16122.0,72.0,6,1001.34,0
16123.0,51.0,1,307.78,0
16124.0,316.0,4,1772.49,1
16125.0,366.0,14,4587.65,1
16126.0,28.0,15,14646.8,0
16127.0,38.0,2,801.31,0
16128.0,17.0,11,3801.05,0
16129.0,406.0,3,1396.05,1
16130.0,421.0,4,987.48,1
16131.0,51.0,12,9957.42,0
16132.0,543.0,2,664.2,1
16133.0,3.0,56,22992.26,0
16134.0,21.0,5,2145.34,0
16135.0,262.0,2,819.45,1
16136.0,59.0,4,946.8,0
16137.0,679.0,1,422.7,1
16138.0,378.0,3,910.35,1
16139.0,18.0,5,1111.15,0
16140.0,65.0,3,1557.6,0
16141.0,87.0,2,955.94,0
16142.0,249.0,1,535.34,1
16143.0,2.0,12,4910.83,0
16144.0,246.0,1,175.2,0
16145.0,8.0,19,6805.44,0
16146.0,156.0,4,946.38,0
16147.0,133.0,5,2398.91,0
16148.0,295.0,2,386.62,1
16149.0,4.0,3,422.22,0
16150.0,42.0,10,4395.59,0
16152.0,268.0,1,1829.04,1
16153.0,49.0,11,5133.49,0
16155.0,381.0,5,796.9,1
16156.0,8.0,20,6218.18,0
16157.0,15.0,3,656.69,0
16158.0,521.0,9,628.32,1
16159.0,281.0,4,1232.79,1
16160.0,64.0,2,1025.44,0
16161.0,1.0,43,12831.8,0
16162.0,251.0,1,37.4,1
16163.0,231.0,6,2849.58,0
16164.0,16.0,3,822.48,0
16165.0,504.0,1,79.9,1
16166.0,427.0,2,435.83,1
16167.0,413.0,5,1386.12,1
16168.0,10.0,66,10636.47,0
16169.0,7.0,4,1822.97,0
16170.0,50.0,20,6869.0,0
16171.0,58.0,1,73.2,0
16172.0,94.0,8,1884.55,0
16173.0,15.0,6,1418.32,0
16174.0,125.0,7,2246.75,0
16175.0,93.0,7,1836.44,0
16176.0,420.0,4,2052.69,1
16177.0,49.0,8,2247.31,0
16178.0,137.0,2,612.6,0
16179.0,60.0,1,215.83,0
16180.0,99.0,13,16249.87,0
16181.0,72.0,1,305.54,0
16182.0,71.0,9,9971.65,0
16183.0,66.0,4,1077.81,0
16184.0,63.0,6,1158.79,0
16185.0,16.0,3,644.72,0
16186.0,22.0,26,9026.11,0
16187.0,31.0,15,6911.44,0
16188.0,44.0,5,1087.66,0
16189.0,15.0,2,215.48,0
16190.0,39.0,8,2723.55,0
16191.0,2.0,24,15688.02,0
16192.0,735.0,1,351.3,1
16193.0,236.0,2,630.43,0
16194.0,374.0,1,308.6,1
16195.0,722.0,1,323.25,1
16196.0,488.0,1,93.3,1
16197.0,468.0,9,2016.71,1
16198.0,74.0,2,1030.041,0
16199.0,391.0,7,942.75,1
16200.0,3.0,12,5643.45,0
16201.0,2.0,5,2112.12,0
16202.0,360.0,9,2501.99,1
16203.0,58.0,6,1114.54,0
16204.0,22.0,3,944.24,0
16205.0,30.0,7,1830.61,0
16206.0,54.0,13,2602.32,0
16207.0,24.0,1,394.38,0
16208.0,44.0,10,3440.45,0
16209.0,88.0,9,4146.78,0
16210.0,1.0,35,38489.51,0
16211.0,88.0,3,1090.59,0
16212.0,18.0,4,1293.71,0
16213.0,78.0,1,159.0,0
16214.0,170.0,4,2038.25,0
16215.0,80.0,1,242.35,0
16216.0,266.0,1,914.93,1
16217.0,234.0,2,304.25,0
16218.0,29.0,13,4439.97,0
16219.0,500.0,1,40.8,1
16221.0,36.0,9,2235.51,0
16222.0,317.0,2,1345.22,1
16223.0,374.0,2,1102.35,1
16224.0,56.0,5,1616.54,0
16225.0,44.0,15,2867.41,0
16226.0,202.0,5,672.17,0
16227.0,224.0,3,1027.22,0
16228.0,384.0,3,890.81,1
16229.0,86.0,6,2867.86,0
16230.0,189.0,2,542.03,0
16231.0,378.0,4,1078.22,1
16232.0,43.0,7,2712.97,0
16233.0,70.0,9,1965.71,0
16234.0,475.0,3,333.18,1
16235.0,40.0,9,2053.71,0
16236.0,77.0,1,432.2,0
16237.0,436.0,1,136.65,1
16238.0,422.0,1,63.66,1
16239.0,56.0,6,1492.2,0
16240.0,23.0,2,3718.8,0
16241.0,9.0,16,4329.31,0
16242.0,7.0,14,7474.4,0
16243.0,33.0,2,409.1,0
16244.0,211.0,2,2579.38,0
16245.0,23.0,3,1413.66,0
16246.0,459.0,2,827.25,1
16247.0,169.0,1,114.56,0
16248.0,61.0,1,152.94,0
16249.0,52.0,5,1800.07,0
16250.0,260.0,3,791.38,1
16251.0,511.0,1,128.31,1
16252.0,382.0,1,295.09,1
16253.0,66.0,7,7310.15,0
16254.0,377.0,3,985.14,1
16255.0,16.0,15,4906.8,0
16256.0,266.0,3,1629.37,1
16257.0,176.0,1,46.95,0
16258.0,44.0,15,11942.52,0
16259.0,409.0,3,361.94,1
16260.0,50.0,1,1035.45,0
16261.0,16.0,6,1059.45,0
16262.0,377.0,1,755.15,1
16263.0,422.0,1,351.01,1
16264.0,437.0,2,837.53,1
16265.0,8.0,12,6935.17,0
16266.0,73.0,14,1757.95,0
16267.0,590.0,1,186.66,1
16268.0,70.0,2,667.65,0
16269.0,437.0,1,717.57,1
16270.0,352.0,1,1141.24,1
16271.0,2.0,10,3463.02,0
16272.0,116.0,1,411.7,0
16273.0,647.0,2,336.04,1
16274.0,372.0,1,715.9,1
16275.0,196.0,3,2151.11,0
16276.0,176.0,3,2629.39,0
16277.0,733.0,1,188.69,1
16278.0,99.0,3,1117.84,0
16279.0,20.0,9,5705.08,0
16280.0,724.0,1,238.05,1
16281.0,71.0,3,3424.02,0
16282.0,339.0,3,1307.58,1
16283.0,5.0,8,4403.82,0
16284.0,30.0,3,1029.77,0
16285.0,645.0,1,176.9,1
16286.0,476.0,2,328.95,1
16287.0,169.0,5,1006.98,0
16288.0,469.0,1,129.85,1
16289.0,461.0,1,136.31,1
16290.0,464.0,4,2069.3,1
16291.0,681.0,1,117.72,1
16292.0,121.0,5,1253.76,0
16293.0,21.0,15,4657.95,0
16294.0,476.0,1,126.05,1
16295.0,9.0,4,1328.55,0
16296.0,625.0,4,1313.67,1
16297.0,268.0,1,301.9,1
16298.0,22.0,7,1085.7,0
16299.0,476.0,1,193.65,1
16300.0,429.0,3,1392.43,1
16301.0,736.0,1,107.33,1
16302.0,126.0,1,233.22,0
16303.0,25.0,7,7928.27,0
16304.0,694.0,1,381.66,1
16305.0,138.0,1,361.22,0
16306.0,213.0,7,1192.82,0
16307.0,428.0,3,1194.92,1
16308.0,37.0,7,5120.0,0
16309.0,105.0,2,706.57,0
16310.0,413.0,2,460.08,1
16311.0,17.0,2,616.26,0
16312.0,431.0,1,171.15,1
16313.0,2.0,2,274.15,0
16314.0,389.0,3,1491.4,1
16315.0,330.0,2,402.71,1
16316.0,63.0,13,5744.91,0
16317.0,119.0,5,2192.51,0
16318.0,34.0,1,328.15,0
16319.0,217.0,1,404.4,0
16320.0,171.0,6,5628.99,0
16321.0,71.0,7,604.55,0
16322.0,0.0,2,326.75,0
16323.0,195.0,2,353.66,0
16324.0,127.0,3,428.68,0
16325.0,46.0,12,3597.5,0
16326.0,5.0,24,4826.99,0
16327.0,13.0,16,10731.34,0
16328.0,562.0,1,310.83,1
16329.0,427.0,4,1703.07,1
16330.0,17.0,7,634.33,0
16331.0,431.0,6,2037.7,1
16332.0,27.0,11,2010.41,0
16333.0,7.0,22,26626.8,0
16334.0,491.0,1,277.48,1
16335.0,551.0,7,2774.0,1
16336.0,420.0,4,3517.69,1
16337.0,36.0,1,151.05,0
16338.0,156.0,1,214.8,0
16339.0,283.0,1,109.95,1
16340.0,106.0,3,1526.06,0
16341.0,24.0,7,3850.79,0
16342.0,74.0,4,322.41,0
16343.0,15.0,3,687.07,0
16344.0,157.0,4,842.42,0
16345.0,43.0,2,1198.74,0
16346.0,384.0,1,224.51,1
16347.0,10.0,11,3509.41,0
16348.0,31.0,8,1798.22,0
16349.0,290.0,1,53.5,1
16350.0,20.0,9,2253.89,0
16351.0,332.0,13,3330.03,1
16352.0,17.0,2,494.44,0
16353.0,3.0,38,9999.46,0
16354.0,62.0,5,1129.51,0
16355.0,374.0,1,416.35,1
16356.0,197.0,6,415.87,0
16357.0,32.0,4,868.37,0
16358.0,0.0,5,2919.65,0
16359.0,6.0,16,2697.75,0
16360.0,4.0,6,3512.53,0
16361.0,9.0,4,896.66,0
16362.0,31.0,6,946.94,0
16363.0,52.0,1,109.36,0
16364.0,11.0,2,707.04,0
16365.0,17.0,15,3307.2,0
16366.0,18.0,4,1548.13,0
16367.0,36.0,3,1362.4,0
16368.0,1.0,3,640.21,0
16369.0,17.0,7,2664.81,0
16370.0,81.0,4,1320.56,0
16371.0,448.0,1,157.2,1
16372.0,32.0,5,1328.61,0
16373.0,381.0,2,309.49,1
16374.0,65.0,5,1771.45,0
16375.0,469.0,2,104.0,1
16376.0,8.0,2,987.01,0
16377.0,266.0,2,1308.48,1
16378.0,246.0,3,362.95,0
16379.0,3.0,4,2157.4,0
16380.0,60.0,1,1780.59,0
16381.0,395.0,2,258.7,1
16382.0,407.0,2,353.1,1
16383.0,74.0,7,2974.84,0
16384.0,89.0,4,1358.95,0
16385.0,59.0,5,1030.61,0
16386.0,28.0,3,1102.59,0
16387.0,322.0,5,918.55,1
16388.0,653.0,1,186.05,1
16389.0,52.0,4,1382.07,0
16390.0,536.0,3,467.5,1
16391.0,400.0,4,1103.61,1
16392.0,269.0,3,763.05,1
16393.0,1.0,23,5561.66,0
16394.0,56.0,5,1555.34,0
16395.0,60.0,14,3537.85,0
16396.0,475.0,1,137.8,1
16397.0,627.0,1,127.88,1
16398.0,153.0,2,1705.8,0
16399.0,18.0,3,641.82,0
16400.0,94.0,9,3159.44,0
16401.0,0.0,23,6849.15,0
16402.0,264.0,2,511.4,1
16403.0,311.0,1,177.5,1
16404.0,69.0,1,443.05,0
16405.0,301.0,2,167.25,1
16406.0,18.0,3,552.68,0
16407.0,12.0,14,2821.65,0
16408.0,590.0,1,231.93,1
16409.0,35.0,12,5709.04,0
16410.0,733.0,1,130.32,1
16411.0,18.0,4,910.19,0
16412.0,53.0,5,647.23,0
16413.0,56.0,2,528.98,0
16414.0,21.0,5,559.71,0
16415.0,43.0,3,719.44,0
16416.0,26.0,9,2972.88,0
16417.0,492.0,1,35.7,1
16418.0,44.0,5,1101.94,0
16419.0,112.0,8,1487.42,0
16420.0,395.0,1,75.0,1
16421.0,375.0,3,526.27,1
16422.0,16.0,109,63651.47,2
16423.0,24.0,1,346.12,0
16424.0,190.0,2,443.06,0
16425.0,301.0,1,302.7,1
16426.0,1.0,10,1908.25,0
16427.0,262.0,2,241.06,1
16428.0,413.0,3,660.28,1
16429.0,105.0,1,284.55,0
16430.0,56.0,7,1117.94,0
16431.0,212.0,3,642.81,0
16432.0,63.0,1,287.4,0
16433.0,27.0,2,384.52,0
16434.0,28.0,12,2741.74,0
16435.0,511.0,3,1011.57,1
16436.0,667.0,3,329.34,1
16437.0,380.0,2,301.25,1
16438.0,5.0,5,798.35,0
16439.0,721.0,1,310.7,1
16440.0,7.0,6,3856.97,0
16441.0,66.0,5,1034.43,0
16442.0,1.0,5,899.47,0
16443.0,520.0,1,162.24,1
16444.0,45.0,17,3656.58,0
16445.0,33.0,4,602.73,0
16446.0,0.0,2,168472.5,2
16447.0,135.0,3,775.14,0
16448.0,197.0,2,367.87,0
16449.0,197.0,2,707.69,0
16450.0,149.0,3,1505.73,0
16451.0,87.0,3,1013.15,0
16452.0,630.0,2,332.17,1
16453.0,530.0,2,251.71,1
16454.0,44.0,4,30.95,0
16455.0,63.0,11,4384.37,0
16456.0,98.0,13,6862.91,0
16457.0,217.0,1,208.36,0
16458.0,2.0,30,5715.34,0
16459.0,729.0,1,71.79,1
16460.0,27.0,3,814.72,0
16461.0,177.0,3,1615.22,0
16462.0,73.0,3,136.0,0
16463.0,20.0,4,1422.4,0
16464.0,19.0,3,1314.68,0
16465.0,420.0,2,746.24,1
16466.0,33.0,15,3838.59,0
16467.0,508.0,7,2869.16,1
16468.0,73.0,3,787.52,0
16469.0,23.0,5,828.91,0
16470.0,51.0,11,2458.6,0
16471.0,274.0,4,1189.98,1
16472.0,433.0,2,789.6,1
16473.0,164.0,4,470.83,0
16474.0,6.0,7,1871.5,0
16475.0,87.0,4,544.3,0
16476.0,431.0,1,350.35,1
16477.0,63.0,11,4320.02,0
16478.0,24.0,3,331.0,0
16479.0,9.0,2,300.83,0
16480.0,75.0,1,769.29,0
16481.0,681.0,1,453.38,1
16482.0,15.0,1,220.62,0
16483.0,191.0,1,139.35,0
16484.0,173.0,2,404.3,0
16485.0,76.0,5,2294.68,0
16486.0,537.0,1,134.36,1
16487.0,576.0,2,209.4,1
16488.0,32.0,3,498.8,0
16489.0,379.0,2,303.7,1
16490.0,435.0,1,205.41,1
16491.0,46.0,2,1533.16,0
16492.0,540.0,1,385.56,1
16493.0,79.0,7,2132.09,0
16494.0,296.0,1,826.53,1
16495.0,2.0,3,684.41,0
16496.0,8.0,6,2330.77,0
16497.0,49.0,23,6695.28,0
16498.0,160.0,2,100.97,0
16499.0,359.0,8,2578.34,1
16500.0,4.0,9,843.91,0
16501.0,382.0,1,1237.23,1
16502.0,619.0,2,266.5,1
16503.0,106.0,11,3614.34,0
16504.0,24.0,1,484.38,0
16505.0,31.0,1,777.6,0
16506.0,19.0,2,90.3,0
16507.0,571.0,1,152.76,1
16508.0,629.0,1,248.8,1
16509.0,296.0,1,363.7,1
16510.0,371.0,6,2100.0,1
16511.0,21.0,6,1819.02,0
16513.0,4.0,4,874.59,0
16515.0,51.0,10,3216.3,0
16516.0,29.0,1,101.7,0
16517.0,276.0,1,162.7,1
16518.0,60.0,4,959.37,0
16519.0,24.0,4,556.26,0
16520.0,185.0,6,2482.62,0
16521.0,414.0,3,1148.01,1
16522.0,435.0,2,433.36,1
16523.0,1.0,28,11916.33,0
16524.0,445.0,2,308.14,1
16525.0,1.0,48,24582.64,0
16526.0,171.0,2,717.21,0
16527.0,80.0,2,1272.44,0
16528.0,3.0,1,244.41,0
16529.0,189.0,4,2012.0,0
16530.0,667.0,1,48.35,1
16531.0,21.0,11,2298.33,0
16532.0,17.0,5,8756.64,0
16533.0,18.0,3,1095.56,0
16534.0,641.0,1,635.9,1
16535.0,4.0,3,1001.59,0
16536.0,109.0,1,548.97,0
16537.0,640.0,1,23.35,1
16538.0,540.0,3,399.62,1
16539.0,2.0,10,3732.01,0
16540.0,413.0,1,226.7,1
16541.0,734.0,1,424.03,1
16542.0,53.0,2,257.32,0
16543.0,591.0,1,292.21,1
16544.0,519.0,4,376.7,1
16545.0,164.0,2,689.82,0
16546.0,290.0,5,5606.47,1
16547.0,545.0,1,111.71,1
16548.0,598.0,1,30.15,1
16549.0,9.0,34,13182.19,0
16550.0,108.0,18,9435.13,0
16551.0,95.0,7,2237.12,0
16552.0,242.0,2,475.02,0
16553.0,162.0,33,16644.01,0
16554.0,41.0,8,2841.72,0
16555.0,34.0,6,1915.68,0
16556.0,66.0,17,8012.58,0
16557.0,23.0,2,281.85,0
16558.0,0.0,38,13873.51,0
16559.0,396.0,1,185.2,1
16560.0,26.0,8,3048.38,0
16561.0,5.0,2,511.12,0
16562.0,476.0,1,223.86,1
16563.0,53.0,6,4422.76,0
16564.0,568.0,1,87.8,1
16565.0,363.0,4,773.05,1
16566.0,14.0,5,614.66,0
16567.0,193.0,2,865.6,0
16568.0,427.0,2,1020.9,1
16569.0,2.0,5,1455.23,0
16570.0,14.0,20,7434.31,0
16571.0,26.0,10,4248.74,0
16572.0,126.0,3,1009.6,0
16573.0,84.0,2,663.61,0
16574.0,70.0,3,1301.78,0
16576.0,419.0,2,540.87,1
16577.0,666.0,1,380.0,1
16578.0,625.0,1,156.6,1
16579.0,425.0,1,295.05,1
16581.0,182.0,1,105.84,0
16582.0,112.0,1,313.62,0
16583.0,373.0,2,531.4,1
16584.0,79.0,5,3163.67,0
16585.0,593.0,2,341.59,1
16586.0,248.0,3,1462.78,0
16587.0,231.0,1,225.15,0
16588.0,385.0,4,1361.28,1
16589.0,70.0,4,612.36,0
16590.0,400.0,2,605.9,1
16591.0,68.0,1,213.5,0
16592.0,3.0,28,7807.91,0
16593.0,50.0,8,1071.14,0
16594.0,74.0,1,181.09,0
16595.0,60.0,5,1810.18,0
16596.0,15.0,4,579.63,0
16597.0,3.0,1,90.04,0
16598.0,285.0,1,145.05,1
16599.0,385.0,1,172.8,1
16600.0,3.0,13,2153.41,0
16601.0,40.0,3,684.25,0
16602.0,35.0,2,763.33,0
16603.0,74.0,2,482.47,0
16604.0,562.0,2,432.45,1
16605.0,723.0,1,60.48,1
16606.0,403.0,2,357.66,1
16607.0,17.0,25,5706.87,0
16608.0,453.0,2,1288.72,1
16609.0,14.0,7,5493.46,0
16610.0,218.0,1,75.66,0
16611.0,185.0,6,1785.13,0
16612.0,32.0,9,3245.43,0
16613.0,69.0,1,618.59,0
16614.0,182.0,3,1179.79,0
16615.0,625.0,1,291.5,1
16616.0,14.0,2,500.42,0
16617.0,235.0,1,151.85,0
16618.0,30.0,5,2647.59,0
16619.0,263.0,4,1938.33,1
16620.0,3.0,6,1758.93,0
16621.0,51.0,4,813.48,0
16622.0,543.0,1,225.4,1
16623.0,245.0,4,1015.24,0
16624.0,80.0,2,810.57,0
16625.0,274.0,5,1654.03,1
16626.0,0.0,17,4413.1,0
16627.0,78.0,1,322.8,0
16628.0,29.0,7,2318.1,0
16629.0,73.0,2,417.73,0
16630.0,406.0,1,106.8,1
16631.0,481.0,7,1892.52,1
16632.0,485.0,2,406.4,1
16633.0,16.0,6,2883.1,0
16634.0,222.0,6,1814.61,0
16635.0,406.0,1,473.0,1
16636.0,437.0,4,3802.04,1
16637.0,31.0,4,1154.47,0
16638.0,22.0,15,2430.53,0
16639.0,30.0,4,1747.98,0
16640.0,397.0,1,179.4,1
16641.0,105.0,2,554.5,0
16642.0,4.0,3,1077.45,0
16643.0,245.0,2,923.11,0
16644.0,177.0,2,833.78,0
16645.0,735.0,1,160.39,1
16646.0,448.0,1,678.8,1
16647.0,169.0,4,541.9,0
16648.0,42.0,3,672.8,0
16649.0,519.0,1,306.58,1
16650.0,71.0,7,1916.11,0
16651.0,586.0,1,136.2,1
16652.0,58.0,16,17550.39,0
16653.0,15.0,2,1212.66,0
16654.0,140.0,8,1711.47,0
16655.0,17.0,13,6548.37,0
16656.0,21.0,30,16833.17,0
16657.0,9.0,4,933.62,0
16658.0,367.0,6,814.07,1
16659.0,188.0,1,39.12,0
16660.0,15.0,7,1879.55,0
16661.0,539.0,4,986.63,1
16662.0,393.0,1,163.8,1
16663.0,728.0,1,165.0,1
16664.0,568.0,1,109.2,1
16665.0,361.0,1,135.4,1
16666.0,18.0,2,225.94,0
16667.0,67.0,2,570.13,0
16668.0,14.0,13,862.42,0
16669.0,23.0,3,1374.87,0
16670.0,16.0,20,8030.15,0
16671.0,27.0,3,1692.27,0
16672.0,1.0,20,8134.94,0
16673.0,678.0,1,188.83,1
16674.0,54.0,2,319.61,0
16675.0,441.0,2,608.86,1
16676.0,33.0,6,2361.9,0
16677.0,410.0,2,880.62,1
16678.0,2.0,12,3109.99,0
16679.0,365.0,3,793.06,1
16680.0,42.0,3,821.45,0
16681.0,72.0,7,1921.84,0
16682.0,4.0,5,1028.0,0
16683.0,533.0,1,320.25,1
16684.0,3.0,55,147142.77,2
16685.0,60.0,2,324.24,0
16686.0,46.0,16,5070.92,0
16687.0,390.0,1,157.63,1
16688.0,0.0,4,1260.86,0
16689.0,75.0,2,422.6,0
16690.0,71.0,4,353.03,0
16691.0,417.0,2,178.83,1
16692.0,255.0,4,1914.7,0
16693.0,68.0,5,1199.46,0
16694.0,722.0,1,98.3,1
16695.0,561.0,2,193.15,1
16696.0,134.0,4,657.9,0
16697.0,240.0,1,112.75,0
16698.0,226.0,2,1998.0,0
16699.0,379.0,7,994.6,1
16700.0,8.0,25,9167.71,0
16701.0,8.0,26,9916.73,0
16702.0,414.0,4,1110.83,1
16704.0,617.0,2,695.66,1
16705.0,0.0,42,43515.051,0
16706.0,36.0,3,531.35,0
16707.0,399.0,4,551.11,1
16708.0,45.0,1,656.63,0
16709.0,84.0,14,9087.46,0
16710.0,18.0,22,6349.09,0
16711.0,2.0,9,2868.48,0
16712.0,8.0,13,4266.99,0
16713.0,18.0,32,14560.69,0
16714.0,218.0,4,1529.8,0
16715.0,77.0,2,625.52,0
16716.0,266.0,3,2149.68,1
16717.0,23.0,14,6986.23,0
16718.0,368.0,5,3647.53,1
16719.0,14.0,14,3973.3,0
16720.0,25.0,3,795.48,0
16721.0,261.0,1,292.47,1
16722.0,16.0,22,8989.08,0
16723.0,90.0,4,1301.63,0
16724.0,404.0,1,147.35,1
16725.0,301.0,14,1882.11,1
16726.0,25.0,7,2088.41,0
16727.0,363.0,4,1437.42,1
16728.0,45.0,4,1054.67,0
16729.0,37.0,21,7239.92,0
16730.0,51.0,3,743.11,0
16731.0,647.0,1,174.05,1
16732.0,31.0,4,4387.64,0
16733.0,529.0,1,259.68,1
16734.0,51.0,3,650.51,0
16735.0,78.0,14,6270.56,0
16736.0,505.0,5,2956.56,1
16737.0,52.0,2,835.2,0
16738.0,297.0,1,3.75,1
16739.0,176.0,2,786.43,0
16740.0,394.0,1,236.81,1
16741.0,624.0,1,173.06,1
16742.0,46.0,14,2852.61,0
16743.0,28.0,14,4253.26,0
16744.0,10.0,7,1304.76,0
16745.0,86.0,17,7194.3,0
16746.0,4.0,42,18066.4,0
16747.0,37.0,2,836.06,0
16748.0,17.0,14,3637.33,0
16749.0,590.0,2,4387.08,1
16750.0,44.0,5,623.93,0
16751.0,30.0,1,1764.72,0
16752.0,372.0,1,415.0,1
16753.0,57.0,1,223.92,0
16754.0,371.0,29,67502.47,0
16755.0,113.0,7,2900.58,0
16756.0,214.0,7,1312.37,0
16757.0,318.0,2,270.48,1
16758.0,64.0,1,369.34,0
16759.0,7.0,3,789.79,0
16760.0,429.0,1,228.0,1
16761.0,96.0,1,316.62,0
16762.0,19.0,3,1501.38,0
16763.0,198.0,2,964.7,0
16764.0,3.0,13,2799.25,0
16765.0,293.0,2,454.75,1
16766.0,272.0,2,1145.6,1
16767.0,30.0,15,8073.8,0
16768.0,47.0,9,1708.12,0
16769.0,259.0,4,1141.75,1
16770.0,57.0,9,1932.13,0
16771.0,32.0,10,3967.6,0
16772.0,422.0,3,3723.55,1
16773.0,56.0,3,421.24,0
16774.0,67.0,8,1594.45,0
16775.0,9.0,16,3056.89,0
16776.0,59.0,2,619.85,0
16777.0,79.0,5,1307.76,0
16778.0,73.0,2,245.94,0
16779.0,1.0,53,33268.24,0
16780.0,99.0,3,605.55,0
16781.0,371.0,2,934.25,1
16782.0,9.0,38,10438.41,0
16783.0,436.0,1,391.95,1
16784.0,19.0,5,896.53,0
16785.0,409.0,1,533.78,1
16786.0,393.0,1,51.84,1
16787.0,397.0,4,1035.43,1
16788.0,122.0,5,1950.3,0
16789.0,7.0,1,80.8,0
16790.0,3.0,6,1545.62,0
16791.0,28.0,15,4038.69,0
16792.0,281.0,5,623.46,1
16793.0,56.0,1,243.84,0
16794.0,0.0,15,2090.91,0
16795.0,364.0,3,2492.39,1
16796.0,88.0,1,305.62,0
16797.0,392.0,5,1827.77,1
16798.0,553.0,3,848.71,1
16799.0,431.0,2,495.98,1
16800.0,10.0,1,1201.49,0
16801.0,162.0,4,1619.73,0
16802.0,678.0,2,582.61,1
16803.0,64.0,1,332.3,0
16804.0,22.0,3,536.99,0
16805.0,173.0,5,1097.24,0
16806.0,102.0,4,801.49,0
16807.0,142.0,6,2123.88,0
16808.0,98.0,2,288.42,0
16809.0,22.0,9,1727.43,0
16810.0,191.0,2,842.04,0
16811.0,4.0,2,547.07,0
16812.0,360.0,4,2392.0,1
16813.0,7.0,10,1692.98,0
16814.0,13.0,36,12499.71,0
16815.0,453.0,2,410.97,1
16816.0,102.0,4,417.06,0
16817.0,2.0,13,2804.9,0
16818.0,10.0,11,3349.57,0
16819.0,464.0,2,182.59,1
16820.0,95.0,1,497.61,0
16821.0,381.0,1,113.35,1
16822.0,685.0,1,181.39,1
16823.0,226.0,7,2260.09,0
16824.0,15.0,3,686.24,0
16825.0,38.0,5,1826.89,0
16826.0,50.0,1,341.7,0
16827.0,392.0,5,392.13,1
16828.0,92.0,2,128.5,0
16829.0,156.0,2,513.32,0
16830.0,38.0,4,1207.5,0
16831.0,564.0,1,91.8,1
16832.0,183.0,5,417.61,0
16833.0,0.0,6,2409.04,0
16834.0,227.0,2,898.96,0
16835.0,127.0,6,1538.41,0
16836.0,39.0,4,782.37,0
16837.0,30.0,11,3170.98,0
16838.0,196.0,4,1159.61,0
16839.0,8.0,44,22310.49,0
16840.0,602.0,2,139.85,1
16841.0,36.0,12,4006.06,0
16842.0,100.0,3,1264.19,0
16843.0,42.0,35,19571.43,0
16844.0,562.0,2,614.34,1
16845.0,617.0,1,253.88,1
16846.0,49.0,3,842.41,0
16847.0,42.0,2,614.89,0
16848.0,52.0,4,1411.62,0
16849.0,186.0,1,124.57,0
16850.0,333.0,1,332.41,1
16851.0,3.0,3,342.45,0
16852.0,9.0,2,144.91,0
16854.0,416.0,2,1408.96,1
16855.0,23.0,2,328.4,0
16856.0,14.0,3,358.49,0
16857.0,442.0,1,352.8,1
16858.0,368.0,10,4668.28,1
16859.0,144.0,7,1932.41,0
16860.0,452.0,3,1610.62,1
16861.0,59.0,5,946.59,0
16862.0,546.0,4,662.33,1
16863.0,30.0,3,998.52,0
16864.0,433.0,2,409.25,1
16865.0,401.0,1,130.95,1
16866.0,140.0,3,207.74,0
16867.0,689.0,1,76.74,1
16868.0,393.0,3,393.39,1
16869.0,22.0,4,825.42,0
16870.0,468.0,1,450.16,1
16871.0,21.0,6,2812.34,0
16872.0,76.0,6,1213.13,0
16873.0,4.0,12,14617.39,0
16874.0,378.0,1,217.74,1
16875.0,66.0,11,4234.53,0
16876.0,403.0,1,136.01,1
16877.0,11.0,6,853.72,0
16878.0,83.0,1,13.3,0
16880.0,30.0,8,1840.86,0
16881.0,66.0,1,432.0,0
16882.0,66.0,3,705.12,0
16883.0,186.0,19,2396.59,0
16884.0,37.0,4,1073.92,0
16885.0,14.0,4,710.74,0
16886.0,455.0,1,134.0,1
16887.0,34.0,3,660.72,0
16888.0,400.0,3,437.15,1
16889.0,194.0,6,2530.9,0
16890.0,476.0,3,285.41,1
16891.0,1.0,11,2056.82,0
16892.0,0.0,7,762.1,0
16893.0,366.0,2,401.77,1
16894.0,501.0,3,1324.06,1
16895.0,64.0,5,1121.42,0
16896.0,554.0,1,103.95,1
16897.0,298.0,2,289.78,1
16898.0,25.0,5,1016.37,0
16899.0,7.0,8,1721.02,0
16900.0,16.0,3,887.11,0
16901.0,728.0,1,204.26,1
16902.0,115.0,1,1706.88,0
16903.0,28.0,3,1062.28,0
16904.0,3.0,21,5132.37,0
16905.0,4.0,17,5034.15,0
16906.0,81.0,7,1448.8,0
16907.0,28.0,9,1707.9,0
16908.0,721.0,1,252.59,1
16909.0,71.0,1,379.14,0
16910.0,3.0,8,1510.06,0
16911.0,635.0,2,255.25,1
16912.0,28.0,15,4480.31,0
16913.0,289.0,3,423.91,1
16914.0,35.0,1,208.46,0
16915.0,8.0,11,1543.18,0
16916.0,23.0,4,1123.4,0
16917.0,276.0,2,1857.83,1
16918.0,49.0,16,3213.29,0
16919.0,155.0,24,5125.91,0
16920.0,410.0,1,355.45,1
16921.0,60.0,3,446.67,0
16922.0,572.0,1,611.08,1
16923.0,11.0,32,13378.36,0
16924.0,20.0,3,846.75,0
16925.0,539.0,1,125.65,1
16926.0,370.0,5,1421.35,1
16927.0,115.0,3,543.05,0
16928.0,79.0,29,4113.23,0
16929.0,3.0,7,1295.39,0
16930.0,25.0,3,380.55,0
16931.0,4.0,23,5233.62,0
16932.0,52.0,3,440.71,0
16933.0,0.0,9,3181.25,0
16934.0,54.0,6,2110.99,0
16935.0,381.0,3,535.1,1
16936.0,25.0,2,551.17,0
16937.0,498.0,1,202.1,1
16938.0,8.0,9,7043.18,0
16939.0,488.0,3,449.0,1
16940.0,51.0,8,6427.66,0
16941.0,611.0,1,33.0,1
16942.0,12.0,9,1920.59,0
16943.0,211.0,5,1299.49,0
16944.0,609.0,1,101.36,1
16945.0,21.0,33,8548.16,0
16946.0,382.0,5,1222.04,1
16947.0,235.0,5,955.21,0
16948.0,138.0,7,868.77,0
16949.0,3.0,6,1286.27,0
16950.0,56.0,10,3784.37,0
16951.0,134.0,3,1277.75,0
16952.0,108.0,5,798.78,0
16953.0,29.0,1,20.8,0
16954.0,0.0,20,6081.88,0
16955.0,184.0,6,1309.41,0
16956.0,17.0,1,308.74,0
16957.0,238.0,2,416.64,0
16958.0,434.0,1,809.44,1
16959.0,86.0,1,117.35,0
16960.0,38.0,8,2043.43,0
16961.0,115.0,3,794.56,0
16962.0,409.0,1,251.04,1
16963.0,186.0,1,110.55,0
16964.0,732.0,2,207.85,1
16965.0,226.0,1,201.19,0
16966.0,7.0,7,2154.97,0
16967.0,188.0,1,319.02,0
16968.0,3.0,2,439.43,0
16969.0,38.0,3,650.41,0
16970.0,625.0,1,71.4,1
16971.0,37.0,1,357.21,0
16972.0,382.0,2,786.25,1
16973.0,385.0,1,127.0,1
16974.0,522.0,2,365.5,1
16975.0,422.0,3,926.12,1
16976.0,266.0,1,251.52,1
16977.0,394.0,4,496.0,1
16978.0,77.0,3,768.88,0
16979.0,3.0,9,2859.74,0
16980.0,254.0,3,1473.33,0
16982.0,60.0,1,384.06,0
16983.0,12.0,11,3710.22,0
16984.0,87.0,9,10754.8,0
16985.0,16.0,23,10923.16,0
16986.0,29.0,11,4888.75,0
16987.0,2.0,11,2535.9,0
16988.0,4.0,2,382.67,0
16989.0,6.0,6,1133.25,0
16990.0,218.0,2,344.0,0
16991.0,420.0,1,1041.21,1
16992.0,10.0,13,5476.5,0
16993.0,463.0,2,1950.95,1
16996.0,29.0,9,2123.61,0
16997.0,287.0,3,702.0,1
16998.0,149.0,5,402.0,0
16999.0,22.0,2,484.82,0
17000.0,395.0,2,406.3,1
17001.0,0.0,19,6640.8,0
17002.0,85.0,7,2571.55,0
17003.0,401.0,4,830.16,1
17004.0,45.0,4,2425.16,0
17005.0,470.0,2,742.36,1
17006.0,4.0,8,1636.32,0
17007.0,50.0,7,1120.1,0
17008.0,428.0,1,81.36,1
17009.0,550.0,1,242.06,1
17010.0,17.0,1,195.36,0
17011.0,29.0,3,671.7,0
17012.0,724.0,1,384.16,1
17014.0,7.0,3,586.33,0
17015.0,28.0,3,1842.56,0
17016.0,576.0,1,552.4,1
17017.0,2.0,29,14110.61,0
17018.0,40.0,6,2287.7,0
17019.0,10.0,11,4012.2,0
17020.0,541.0,2,935.62,1
17021.0,441.0,6,1182.22,1
17022.0,30.0,2,260.0,0
17023.0,416.0,3,800.18,1
17024.0,44.0,3,95.85,0
17025.0,60.0,5,1510.64,0
17026.0,184.0,3,208.98,0
17027.0,78.0,9,1327.11,0
17028.0,580.0,3,1593.83,1
17029.0,110.0,7,2137.3,0
17030.0,63.0,1,146.87,0
17031.0,11.0,6,2773.85,0
17032.0,547.0,8,3004.6,1
17033.0,85.0,4,1332.79,0
17034.0,15.0,5,1283.92,0
17035.0,245.0,4,613.59,0
17036.0,382.0,1,176.9,1
17037.0,87.0,1,1267.32,0
17038.0,29.0,2,743.17,0
17039.0,603.0,1,1954.99,1
17040.0,137.0,2,463.25,0
17041.0,26.0,6,1686.28,0
17042.0,2.0,5,1044.38,0
17043.0,31.0,8,2616.55,0
17044.0,24.0,12,11962.3,0
17045.0,112.0,5,827.68,0
17046.0,156.0,5,1906.07,0
17047.0,84.0,6,2289.23,0
17048.0,117.0,7,2071.68,0
17049.0,2.0,19,9947.48,0
17050.0,95.0,11,4691.79,0
17051.0,193.0,4,714.39,0
17052.0,27.0,1,413.75,0
17053.0,130.0,1,498.48,0
17054.0,27.0,5,1356.33,0
17055.0,445.0,1,239.55,1
17056.0,737.0,1,128.6,1
17057.0,595.0,1,294.74,1
17058.0,81.0,3,1179.89,0
17059.0,29.0,9,5602.53,0
17060.0,265.0,1,234.24,1
17061.0,73.0,11,5232.23,0
17062.0,313.0,6,1208.22,1
17063.0,20.0,13,3638.53,0
17064.0,58.0,3,859.35,0
17065.0,637.0,2,194.7,1
17066.0,725.0,1,228.34,1
17067.0,724.0,3,454.54,1
17068.0,11.0,47,9161.08,0
17069.0,27.0,14,5794.28,0
17070.0,113.0,2,445.32,0
17071.0,27.0,13,3801.2,0
17072.0,624.0,1,282.05,1
17073.0,17.0,4,1446.09,0
17074.0,562.0,1,203.05,1
17075.0,17.0,10,2241.73,0
17076.0,35.0,6,1242.75,0
17077.0,577.0,1,306.0,1
17078.0,35.0,2,378.2,0
17079.0,77.0,1,118.8,0
17080.0,21.0,7,957.53,0
17081.0,24.0,6,964.39,0
17082.0,32.0,6,4732.03,0
17083.0,108.0,9,4049.79,0
17084.0,34.0,3,5202.97,0
17085.0,122.0,28,7891.41,0
17086.0,6.0,6,2050.08,0
17087.0,737.0,1,221.53,1
17088.0,27.0,4,1991.01,0
17089.0,385.0,1,128.45,1
17090.0,3.0,13,3149.48,0
17091.0,2.0,19,7811.1,0
17092.0,49.0,11,5594.96,0
17093.0,592.0,1,235.88,1
17094.0,321.0,2,402.2,1
17095.0,22.0,7,2572.25,0
17096.0,14.0,11,3759.18,0
17097.0,1.0,9,1340.45,0
17098.0,381.0,3,591.07,1
17099.0,532.0,1,582.17,1
17100.0,17.0,2,971.74,0
17101.0,9.0,7,2507.05,0
17102.0,261.0,1,25.5,1
17103.0,721.0,1,424.3,1
17104.0,423.0,1,474.03,1
17105.0,158.0,2,665.78,0
17106.0,388.0,1,491.23,1
17107.0,32.0,10,16075.42,0
17108.0,663.0,1,174.95,1
17109.0,28.0,8,1295.46,0
17110.0,164.0,3,510.7,0
17111.0,46.0,2,476.58,0
17112.0,502.0,1,205.17,1
17113.0,573.0,6,2322.59,1
17114.0,5.0,8,808.62,0
17115.0,7.0,7,2761.49,0
17116.0,647.0,1,389.78,1
17117.0,287.0,1,116.2,1
17118.0,317.0,1,157.02,1
17119.0,2.0,2,606.91,0
17120.0,232.0,1,307.46,0
17121.0,402.0,1,314.74,1
17122.0,118.0,4,570.5,0
17123.0,161.0,3,977.17,0
17124.0,184.0,1,298.89,0
17125.0,49.0,1,259.35,0
17126.0,151.0,9,2070.44,0
17127.0,428.0,5,1155.03,1
17128.0,334.0,1,157.09,1
17129.0,519.0,1,31.85,1
17131.0,4.0,5,2463.17,0
17132.0,451.0,2,1272.8,1
17133.0,15.0,12,14622.33,0
17134.0,106.0,3,637.1,0
17135.0,15.0,10,1954.16,0
17136.0,661.0,1,231.68,1
17137.0,415.0,6,1133.63,1
17138.0,275.0,7,4417.27,1
17139.0,15.0,25,19584.46,0
17140.0,246.0,1,465.32,0
17141.0,417.0,4,754.33,1
17142.0,238.0,4,1283.75,0
17143.0,416.0,2,924.11,1
17144.0,0.0,2,984.57,0
17145.0,512.0,4,3120.91,1
17146.0,105.0,13,5860.24,0
17147.0,22.0,9,3199.95,0
17148.0,51.0,1,124.88,0
17149.0,450.0,1,143.1,1
17150.0,376.0,6,1375.65,1
17151.0,734.0,1,231.9,1
17152.0,194.0,4,2016.5,0
17153.0,23.0,1,213.78,0
17154.0,74.0,1,329.34,0
17155.0,17.0,7,892.46,0
17156.0,491.0,1,591.87,1
17157.0,7.0,19,5151.9,0
17158.0,31.0,5,1980.0,0
17159.0,21.0,5,2099.59,0
17160.0,30.0,17,10209.16,0
17161.0,443.0,1,856.01,1
17162.0,28.0,10,1715.46,0
17163.0,21.0,4,699.78,0
17164.0,32.0,7,2467.35,0
17165.0,283.0,6,1794.32,1
17166.0,38.0,2,206.34,0
17167.0,379.0,3,867.11,1
17168.0,498.0,1,400.2,1
17169.0,57.0,3,1156.73,0
17170.0,373.0,2,178.68,1
17171.0,288.0,2,384.59,1
17172.0,78.0,3,956.57,0
17173.0,4.0,8,3766.6,0
17174.0,217.0,1,59.9,0
17175.0,43.0,4,1443.69,0
17176.0,201.0,3,902.32,0
17177.0,504.0,1,119.5,1
17178.0,730.0,1,436.71,1
17179.0,177.0,6,1507.26,0
17180.0,55.0,11,2256.98,0
17181.0,56.0,3,465.37,0
17182.0,422.0,2,321.3,1
17183.0,7.0,6,3347.31,0
17184.0,568.0,2,198.41,1
17185.0,591.0,3,229.46,1
17186.0,46.0,2,144.0,0
17187.0,226.0,2,467.71,0
17188.0,10.0,13,4592.93,0
17189.0,105.0,5,957.63,0
17190.0,58.0,7,1743.04,0
17191.0,27.0,15,4836.05,0
17192.0,535.0,1,77.83,1
17193.0,35.0,9,2310.04,0
17194.0,273.0,3,812.5,1
17195.0,654.0,1,562.98,1
17196.0,427.0,1,352.9,1
17197.0,29.0,1,1013.01,0
17198.0,23.0,3,1213.88,0
17199.0,581.0,1,145.12,1
17200.0,386.0,4,356.71,1
17201.0,53.0,4,1242.04,0
17202.0,420.0,1,160.65,1
17203.0,35.0,10,5575.88,0
17204.0,174.0,9,5504.69,0
17205.0,53.0,3,999.35,0
17206.0,52.0,1,204.24,0
17207.0,651.0,1,303.22,1
17208.0,395.0,1,115.35,1
17209.0,648.0,3,611.6,1
17210.0,392.0,1,253.37,1
17211.0,26.0,13,4046.65,0
17212.0,252.0,3,794.41,0
17213.0,39.0,13,5182.3,0
17214.0,59.0,6,1069.12,0
17215.0,463.0,1,186.15,1
17216.0,553.0,1,65.05,1
17217.0,233.0,2,218.0,0
17218.0,3.0,18,4192.68,0
17219.0,31.0,2,259.13,0
17220.0,23.0,21,4481.75,0
17221.0,6.0,5,978.52,0
17222.0,64.0,6,1605.01,0
17223.0,309.0,3,873.53,1
17224.0,500.0,1,100.86,1
17225.0,581.0,1,131.15,1
17226.0,308.0,3,900.12,1
17227.0,18.0,12,2022.03,0
17228.0,15.0,13,3177.24,0
17229.0,95.0,2,318.76,0
17230.0,263.0,18,9924.95,0
17231.0,11.0,25,7197.04,0
17232.0,2.0,2,421.52,0
17233.0,34.0,3,560.86,0
17234.0,182.0,1,149.89,0
17235.0,24.0,8,1904.88,0
17236.0,12.0,12,1929.26,0
17237.0,10.0,4,1002.08,0
17238.0,2.0,32,7783.1,0
17239.0,312.0,4,1189.45,1
17240.0,595.0,1,130.6,1
17241.0,384.0,12,2744.14,1
17242.0,107.0,5,2889.28,0
17243.0,0.0,69,20889.86,0
17244.0,52.0,5,1826.04,0
17245.0,204.0,2,371.63,0
17246.0,546.0,2,38.92,1
17247.0,14.0,1,282.19,0
17248.0,119.0,2,546.16,0
17249.0,428.0,1,68.03,1
17250.0,3.0,2,384.52,0
17251.0,362.0,3,812.43,1
17252.0,116.0,2,353.86,0
17253.0,17.0,1,178.26,0
17254.0,4.0,3,470.73,0
17255.0,40.0,4,799.13,0
17256.0,106.0,5,498.93,0
17257.0,435.0,2,192.73,1
17258.0,396.0,2,417.3,1
17259.0,147.0,6,1889.34,0
17260.0,410.0,1,120.95,1
17261.0,509.0,1,230.44,1
17262.0,51.0,11,2757.62,0
17263.0,207.0,1,63.44,0
17264.0,423.0,1,279.59,1
17265.0,138.0,2,562.9,0
17266.0,1.0,5,517.73,0
17267.0,126.0,2,317.62,0
17268.0,107.0,11,1733.89,0
17269.0,385.0,1,537.46,1
17270.0,468.0,2,604.4,1
17271.0,735.0,1,210.39,1
17272.0,41.0,4,2148.63,0
17273.0,423.0,1,141.12,1
17274.0,34.0,2,577.38,0
17275.0,382.0,1,114.52,1
17276.0,401.0,1,508.39,1
17277.0,227.0,2,1065.35,0
17278.0,240.0,2,271.24,0
17279.0,57.0,1,187.83,0
17280.0,437.0,1,118.86,1
17281.0,373.0,6,797.85,1
17282.0,129.0,5,2339.66,0
17283.0,378.0,1,188.46,1
17284.0,59.0,8,2793.16,0
17285.0,627.0,2,428.34,1
17286.0,21.0,3,395.48,0
17287.0,25.0,21,4111.96,0
17288.0,8.0,11,2499.98,0
17289.0,31.0,9,2079.39,0
17290.0,3.0,8,1501.44,0
17291.0,307.0,1,550.8,1
17292.0,471.0,2,271.75,1
17293.0,7.0,17,3774.23,0
17294.0,668.0,2,467.79,1
17295.0,28.0,3,556.95,0
17296.0,729.0,1,338.13,1
17297.0,16.0,1,131.78,0
17298.0,100.0,5,957.56,0
17299.0,11.0,6,1016.08,0
17300.0,390.0,2,393.64,1
17301.0,20.0,2,330.43,0
17302.0,14.0,5,1135.63,0
17303.0,360.0,1,250.04,1
17304.0,533.0,1,111.5,1
17305.0,648.0,1,2135.46,1
17306.0,10.0,21,9782.35,0
17307.0,394.0,11,3999.89,1
17308.0,392.0,2,4511.76,1
17309.0,94.0,3,330.59,0
17310.0,386.0,2,1025.1,1
17311.0,77.0,6,3566.56,0
17312.0,138.0,3,644.3,0
17313.0,30.0,1,2328.84,0
17314.0,24.0,17,4904.43,0
17315.0,1.0,43,9650.6,0
17316.0,419.0,1,124.45,1
17317.0,45.0,3,2600.34,0
17318.0,724.0,1,164.28,1
17319.0,668.0,1,29.1,1
17320.0,99.0,6,2895.77,0
17321.0,7.0,6,1741.18,0
17322.0,375.0,5,922.59,1
17323.0,14.0,12,1565.59,0
17324.0,17.0,12,2301.87,0
17325.0,279.0,3,609.57,1
17326.0,407.0,2,321.95,1
17327.0,409.0,2,152.35,1
17328.0,672.0,1,104.7,1
17329.0,13.0,5,1004.43,0
17330.0,22.0,4,423.8,0
17331.0,123.0,1,175.2,0
17332.0,527.0,5,838.27,1
17333.0,85.0,1,494.25,0
17334.0,301.0,3,635.15,1
17335.0,383.0,2,508.0,1
17336.0,471.0,1,81.12,1
17337.0,150.0,4,2027.87,0
17338.0,16.0,17,12142.57,0
17339.0,93.0,3,362.36,0
17340.0,29.0,18,22404.82,0
17341.0,156.0,5,1889.83,0
17342.0,379.0,4,1227.54,1
17343.0,354.0,6,1259.94,1
17344.0,45.0,2,468.11,0
17345.0,14.0,10,1604.68,0
17346.0,3.0,26,5323.0,0
17347.0,85.0,1,228.96,0
17348.0,14.0,9,2476.41,0
17349.0,178.0,5,852.25,0
17350.0,7.0,7,1906.041,0
17351.0,35.0,12,1988.23,0
17352.0,695.0,1,36.25,1
17353.0,128.0,4,3242.0,0
17354.0,50.0,4,3143.46,0
17355.0,385.0,1,285.11,1
17356.0,311.0,5,946.47,1
17357.0,23.0,2,388.14,0
17358.0,302.0,5,866.05,1
17359.0,10.0,2,284.46,0
17360.0,16.0,6,1231.38,0
17361.0,48.0,5,880.64,0
17362.0,238.0,7,1024.04,0
17363.0,394.0,3,940.86,1
17364.0,0.0,28,12070.42,0
17365.0,12.0,15,8224.98,0
17366.0,431.0,2,1096.24,1
17367.0,237.0,1,168.4,0
17368.0,22.0,14,2826.14,0
17369.0,455.0,1,979.2,1
17370.0,72.0,4,446.18,0
17371.0,16.0,6,662.55,0
17372.0,40.0,28,4377.56,0
17373.0,39.0,7,1167.5,0
17374.0,218.0,3,727.11,0
17375.0,198.0,4,660.55,0
17376.0,70.0,4,453.64,0
17377.0,23.0,78,18319.41,0
17378.0,373.0,1,10.95,1
17379.0,10.0,1,404.66,0
17380.0,433.0,3,645.0,1
17381.0,8.0,38,40002.37,0
17382.0,64.0,8,902.28,0
17383.0,3.0,2,309.99,0
17384.0,18.0,3,507.55,0
17385.0,14.0,1,261.11,0
17386.0,7.0,7,2812.77,0
17387.0,19.0,2,784.11,0
17388.0,77.0,11,2691.57,0
17389.0,0.0,61,57224.68,0
17390.0,420.0,1,149.3,1
17391.0,163.0,2,508.8,0
17392.0,306.0,3,626.56,1
17393.0,410.0,2,381.15,1
17394.0,218.0,1,203.87,0
17395.0,507.0,1,97.5,1
17396.0,38.0,14,8807.1,0
17397.0,21.0,3,1233.18,0
17398.0,114.0,3,653.38,0
17400.0,125.0,8,4677.05,0
17401.0,540.0,1,114.85,1
17402.0,4.0,23,5096.18,0
17403.0,35.0,2,400.57,0
17404.0,3.0,23,47781.12,0
17405.0,0.0,3,1031.41,0
17406.0,332.0,13,4905.05,1
17407.0,411.0,1,552.9,1
17408.0,162.0,3,316.09,0
17409.0,184.0,10,7793.51,0
17410.0,15.0,5,1214.72,0
17411.0,11.0,5,1425.38,0
17412.0,2.0,16,4417.52,0
17413.0,404.0,2,560.14,1
17414.0,43.0,6,2249.52,0
17415.0,79.0,1,507.84,0
17416.0,29.0,22,17298.45,0
17417.0,548.0,1,164.18,1
17418.0,41.0,3,670.06,0
17419.0,10.0,18,6500.52,0
17420.0,49.0,6,1084.43,0
17421.0,385.0,3,1059.41,1
17422.0,15.0,11,3594.76,0
17423.0,45.0,3,1118.95,0
17425.0,18.0,2,759.17,0
17426.0,7.0,13,8077.77,0
17427.0,71.0,1,100.8,0
17428.0,0.0,45,31819.76,0
17429.0,127.0,5,1357.46,0
17430.0,32.0,4,735.17,0
17431.0,312.0,1,403.3,1
17432.0,17.0,9,1751.39,0
17433.0,87.0,2,569.96,0
17434.0,1.0,7,2373.82,0
17435.0,410.0,1,331.35,1
17436.0,1.0,5,534.06,0
17437.0,529.0,1,373.17,1
17438.0,253.0,5,1422.77,0
17439.0,655.0,1,325.74,1
17440.0,156.0,4,323.58,0
17441.0,731.0,1,293.35,1
17442.0,36.0,15,4620.3,0
17443.0,219.0,1,534.24,0
17444.0,147.0,3,2940.04,0
17446.0,176.0,2,120.9,0
17447.0,39.0,2,541.53,0
17448.0,496.0,46,14556.97,1
17449.0,1.0,13,4951.15,0
17450.0,7.0,51,246973.09,2
17451.0,0.0,7,1721.4,0
17453.0,17.0,2,486.72,0
17454.0,191.0,10,1547.94,0
17455.0,203.0,1,131.7,0
17456.0,364.0,2,1225.42,1
17457.0,126.0,14,5984.81,0
17458.0,14.0,2,529.58,0
17459.0,42.0,2,657.3,0
17460.0,93.0,16,2228.27,0
17461.0,22.0,3,757.46,0
17462.0,59.0,2,675.69,0
17463.0,15.0,7,2557.91,0
17464.0,157.0,3,1000.94,0
17465.0,425.0,7,2542.79,1
17466.0,9.0,2,763.28,0
17467.0,394.0,1,102.6,1
17468.0,9.0,3,194.8,0
17469.0,15.0,17,5051.25,0
17470.0,44.0,11,2804.87,0
17471.0,474.0,1,321.65,1
17472.0,190.0,4,935.1,0
17473.0,408.0,2,607.0,1
17474.0,599.0,1,1047.0,1
17475.0,78.0,1,194.37,0
17476.0,395.0,2,489.86,1
17477.0,612.0,2,1144.3,1
17478.0,407.0,2,1272.8,1
17479.0,632.0,1,389.26,1
17480.0,77.0,2,902.03,0
17481.0,3.0,4,1255.59,0
17482.0,486.0,2,778.19,1
17483.0,64.0,4,591.73,0
17484.0,575.0,2,209.57,1
17486.0,260.0,1,396.87,1
17487.0,727.0,1,160.55,1
17488.0,640.0,1,336.5,1
17489.0,58.0,2,376.64,0
17490.0,0.0,9,2750.5,0
17491.0,0.0,17,5981.07,0
17492.0,247.0,3,1122.42,0
17493.0,384.0,1,100.91,1
17494.0,501.0,1,54.7,1
17495.0,7.0,3,806.72,0
17496.0,358.0,4,1412.89,1
17497.0,389.0,2,287.25,1
17498.0,75.0,1,272.22,0
17499.0,289.0,2,1341.39,1
17500.0,16.0,3,1138.0,0
17501.0,220.0,2,288.6,0
17502.0,8.0,4,689.1,0
17503.0,2.0,2,558.96,0
17504.0,205.0,18,9565.12,0
17505.0,161.0,5,2435.48,0
17506.0,75.0,1,302.2,0
17507.0,261.0,2,605.58,1
17508.0,280.0,8,4579.23,1
17509.0,57.0,8,6115.14,0
17510.0,24.0,2,514.56,0
17511.0,2.0,60,175603.55,2
17512.0,28.0,18,5467.82,0
17513.0,71.0,3,1158.8,0
17514.0,127.0,2,542.83,0
17515.0,30.0,9,1617.46,0
17516.0,14.0,6,957.55,0
17517.0,308.0,1,153.94,1
17518.0,425.0,2,329.42,1
17519.0,16.0,15,5109.47,0
17520.0,53.0,1,546.81,0
17521.0,29.0,5,1278.06,0
17522.0,1.0,5,1070.71,0
17523.0,10.0,4,652.74,0
17524.0,360.0,3,539.14,1
17525.0,359.0,3,1161.9,1
17526.0,4.0,12,4166.04,0
17527.0,53.0,4,939.37,0
17528.0,0.0,8,3628.5,0
17529.0,609.0,2,1240.25,1
17530.0,0.0,12,3141.51,0
17531.0,189.0,3,1266.82,0
17532.0,385.0,1,65.34,1
17533.0,434.0,1,34.8,1
17534.0,53.0,5,1668.83,0
17535.0,279.0,1,164.4,1
17536.0,176.0,3,364.83,0
17537.0,29.0,2,897.62,0
17538.0,25.0,1,98.42,0
17539.0,617.0,4,1226.57,1
17540.0,24.0,6,1590.6,0
17541.0,509.0,1,124.46,1
17542.0,269.0,3,341.7,1
17543.0,549.0,1,120.05,1
17544.0,389.0,3,960.69,1
17545.0,42.0,6,1448.54,0
17547.0,375.0,2,727.85,1
17548.0,233.0,4,731.26,0
17549.0,23.0,2,148.86,0
17550.0,196.0,9,2547.64,0
17551.0,358.0,1,306.84,1
17552.0,59.0,12,3085.29,0
17553.0,129.0,4,3757.6,0
17554.0,0.0,5,1952.45,0
17555.0,19.0,5,1057.74,0
17556.0,205.0,2,300.67,0
17557.0,13.0,4,575.46,0
17558.0,392.0,1,259.17,1
17559.0,512.0,1,167.62,1
17560.0,94.0,9,1895.8,0
17561.0,18.0,4,722.34,0
17562.0,13.0,7,1122.38,0
17563.0,577.0,2,392.38,1
17564.0,23.0,3,454.01,0
17565.0,586.0,1,131.83,1
17566.0,7.0,2,901.21,0
17567.0,6.0,9,5356.03,0
17568.0,632.0,1,382.79,1
17569.0,331.0,1,344.14,1
17570.0,381.0,1,100.0,1
17571.0,49.0,5,1703.75,0
17572.0,70.0,10,723.01,0
17573.0,28.0,3,380.6,0
17574.0,242.0,1,185.65,0
17575.0,666.0,1,171.7,1
17576.0,7.0,41,9056.81,0
17577.0,644.0,2,348.75,1
17578.0,217.0,7,1047.33,0
17579.0,4.0,4,753.28,0
17580.0,252.0,5,545.27,0
17581.0,0.0,43,18757.75,0
17582.0,235.0,5,1450.7,0
17583.0,559.0,1,135.95,1
17584.0,6.0,6,5309.42,0
17585.0,108.0,7,2093.3,0
17586.0,618.0,1,167.4,1
17587.0,627.0,1,181.66,1
17588.0,99.0,7,2939.55,0
17589.0,59.0,18,14049.87,0
17590.0,1.0,3,1479.22,0
17591.0,72.0,8,2776.67,0
17592.0,738.0,1,148.3,1
17593.0,3.0,11,8095.8,0
17594.0,84.0,4,2497.88,0
17595.0,11.0,2,388.79,0
17596.0,22.0,13,4920.67,0
17597.0,213.0,5,3484.09,0
17598.0,380.0,1,409.98,1
17599.0,477.0,1,52.05,1
17600.0,17.0,1,161.67,0
17601.0,238.0,2,421.48,0
17602.0,1.0,14,7451.13,0
17603.0,77.0,4,1793.48,0
17604.0,216.0,6,945.93,0
17605.0,589.0,1,160.75,1
17606.0,736.0,1,87.3,1
17607.0,375.0,1,333.81,1
17608.0,32.0,4,498.53,0
17609.0,40.0,11,1894.34,0
17610.0,539.0,5,1529.49,1
17611.0,6.0,28,8371.98,0
17612.0,52.0,18,5394.86,0
17613.0,22.0,14,4559.15,0
17614.0,56.0,1,390.07,0
17615.0,129.0,6,733.2,0
17616.0,173.0,4,1060.8,0
17617.0,558.0,1,395.33,1
17618.0,5.0,11,4073.24,0
17619.0,311.0,1,218.52,1
17620.0,59.0,1,81.44,0
17621.0,20.0,6,3175.12,0
17622.0,597.0,2,1130.21,1
17623.0,32.0,7,2383.67,0
17624.0,14.0,4,1568.63,0
17625.0,17.0,8,6067.8,0
17626.0,602.0,1,254.0,1
17627.0,478.0,1,296.36,1
17628.0,80.0,1,75.75,0
17629.0,5.0,10,2455.52,0
17630.0,169.0,2,503.6,0
17631.0,1.0,7,998.49,0
17633.0,30.0,7,2057.39,0
17634.0,35.0,9,2361.97,0
17635.0,423.0,3,1265.58,1
17636.0,18.0,1,285.56,0
17637.0,30.0,2,547.06,0
17638.0,646.0,2,842.4,1
17639.0,275.0,6,615.17,1
17640.0,86.0,6,3168.94,0
17642.0,119.0,5,1824.49,0
17643.0,372.0,2,541.25,1
17644.0,0.0,20,6028.6,0
17646.0,218.0,12,4149.79,0
17647.0,64.0,3,331.66,0
17648.0,60.0,5,2216.37,0
17649.0,137.0,3,1578.89,0
17650.0,20.0,1,166.08,0
17651.0,11.0,16,5703.52,0
17652.0,24.0,12,4867.72,0
17653.0,36.0,4,1207.56,0
17654.0,276.0,1,117.55,1
17655.0,10.0,9,3652.48,0
17656.0,72.0,5,1674.69,0
17657.0,429.0,1,126.0,1
17658.0,25.0,2,595.42,0
17659.0,16.0,14,3834.79,0
17660.0,140.0,2,359.47,0
17662.0,661.0,2,412.92,1
17663.0,25.0,17,5175.83,0
17664.0,18.0,4,1166.23,0
17665.0,492.0,1,563.1,1
17666.0,3.0,5,2047.8,0
17667.0,65.0,9,3950.7,0
17668.0,0.0,2,347.75,0
17669.0,42.0,10,6142.35,0
17670.0,227.0,1,205.7,0
17671.0,15.0,5,2403.34,0
17672.0,49.0,7,5778.63,0
17673.0,1.0,13,4233.58,0
17674.0,73.0,2,851.7,0
17675.0,0.0,70,38259.6,0
17676.0,3.0,10,2765.84,0
17677.0,1.0,54,36692.91,0
17678.0,263.0,2,599.76,1
17679.0,52.0,7,3577.61,0
17680.0,23.0,3,497.45,0
17681.0,596.0,5,731.2,1
17682.0,9.0,11,4456.78,0
17683.0,385.0,3,819.01,1
17684.0,43.0,1,239.41,0
17685.0,16.0,12,5943.17,0
17686.0,6.0,9,8296.81,0
17687.0,420.0,1,432.68,1
17688.0,393.0,1,304.2,1
17689.0,387.0,2,317.08,1
17690.0,29.0,20,7448.1,0
17691.0,357.0,4,780.05,1
17692.0,126.0,12,2975.8,0
17693.0,136.0,1,200.47,0
17694.0,141.0,3,1695.97,0
17695.0,131.0,5,1746.04,0
17696.0,37.0,27,7679.59,0
17697.0,235.0,1,338.95,0
17698.0,260.0,1,154.95,1
17699.0,476.0,2,442.0,1
17700.0,16.0,14,6679.97,0
17701.0,252.0,1,417.95,1
17702.0,29.0,6,3144.04,0
17703.0,34.0,4,1094.84,0
17704.0,168.0,2,885.19,0
17705.0,2.0,11,2083.9,0
17706.0,3.0,31,20749.98,0
17707.0,184.0,8,609.3,0
17708.0,187.0,4,887.93,0
17709.0,169.0,5,671.01,0
17710.0,423.0,1,293.5,1
17711.0,10.0,2,385.1,0
17712.0,44.0,1,522.91,0
17713.0,381.0,4,1198.09,1
17714.0,320.0,5,1410.18,1
17715.0,200.0,2,489.6,0
17716.0,22.0,24,15956.97,0
17717.0,420.0,1,376.92,1
17718.0,231.0,2,439.18,0
17719.0,37.0,15,5396.04,0
17720.0,25.0,10,2768.91,0
17721.0,658.0,1,307.21,1
17722.0,95.0,5,4430.36,0
17723.0,126.0,7,3378.4,0
17724.0,70.0,3,1033.0,0
17725.0,15.0,11,3439.08,0
17726.0,394.0,7,1092.06,1
17727.0,14.0,1,1060.25,0
17728.0,3.0,5,4238.76,0
17729.0,595.0,1,438.65,1
17730.0,2.0,20,7773.8,0
17731.0,78.0,6,1708.99,0
17732.0,372.0,8,2470.39,1
17733.0,38.0,2,692.19,0
17734.0,53.0,6,1442.32,0
17735.0,1.0,26,17244.93,0
17736.0,8.0,3,377.44,0
17737.0,8.0,2,168.24,0
17738.0,18.0,13,4183.56,0
17739.0,11.0,18,7730.59,0
17740.0,388.0,6,426.9,1
17741.0,406.0,2,101.1,1
17742.0,112.0,11,2098.48,0
17743.0,447.0,1,229.2,1
17744.0,3.0,7,2649.14,0
17745.0,477.0,2,600.34,1
17746.0,239.0,4,904.18,0
17747.0,112.0,1,71.4,0
17748.0,526.0,1,358.15,1
17749.0,177.0,3,1026.18,0
17750.0,4.0,9,1797.57,0
17751.0,420.0,1,157.86,1
17752.0,358.0,1,80.64,1
17753.0,463.0,4,390.56,1
17754.0,0.0,13,4577.53,0
17756.0,375.0,3,733.7,1
17757.0,0.0,56,9422.45,0
17758.0,18.0,12,5012.53,0
17759.0,16.0,5,1276.91,0
17760.0,21.0,6,918.93,0
17761.0,32.0,1,712.78,0
17762.0,455.0,1,129.75,1
17763.0,262.0,4,86.15,1
17764.0,50.0,5,1623.64,0
17765.0,158.0,4,530.8,0
17766.0,380.0,2,299.61,1
17767.0,14.0,2,413.05,0
17768.0,7.0,7,3509.51,0
17769.0,12.0,17,7103.08,0
17770.0,198.0,5,1143.27,0
17771.0,56.0,4,387.41,0
17772.0,10.0,3,384.77,0
17773.0,513.0,2,585.27,1
17774.0,96.0,9,3328.05,0
17775.0,254.0,1,56.4,1
17776.0,386.0,2,338.56,1
17777.0,24.0,3,665.86,0
17778.0,661.0,1,197.7,1
17779.0,20.0,3,658.57,0
17780.0,666.0,3,352.91,1
17781.0,158.0,2,188.02,0
17782.0,382.0,2,679.02,1
17783.0,71.0,3,379.91,0
17784.0,549.0,1,112.86,1
17785.0,52.0,3,403.38,0
17786.0,84.0,2,278.74,0
17787.0,152.0,4,2601.47,0
17788.0,73.0,2,1117.9,0
17789.0,280.0,2,397.15,1
17790.0,26.0,20,2783.61,0
17791.0,29.0,1,106.1,0
17792.0,466.0,2,370.05,1
17793.0,24.0,1,323.04,0
17794.0,686.0,2,147.3,1
17795.0,179.0,2,350.39,0
17796.0,39.0,7,1361.99,0
17797.0,21.0,8,1985.87,0
17798.0,581.0,1,183.09,1
17799.0,21.0,20,6341.89,0
17800.0,36.0,9,1199.01,0
17801.0,450.0,3,798.33,1
17802.0,81.0,10,5053.12,0
17803.0,391.0,1,184.66,1
17804.0,375.0,3,385.23,1
17805.0,73.0,2,927.03,0
17806.0,10.0,1,546.04,0
17807.0,394.0,3,437.87,1
17808.0,548.0,4,262.64,1
17809.0,15.0,20,11337.39,0
17810.0,668.0,2,374.81,1
17811.0,3.0,47,9609.8,0
17812.0,12.0,7,1165.89,0
17813.0,13.0,5,1770.88,0
17814.0,374.0,2,1617.32,1
17815.0,392.0,1,591.96,1
17816.0,36.0,6,112.32,0
17817.0,3.0,6,807.85,0
17818.0,737.0,1,130.18,1
17819.0,71.0,12,6612.52,0
17820.0,373.0,1,183.56,1
17821.0,405.0,1,334.62,1
17822.0,419.0,5,2188.5,1
17823.0,420.0,2,494.25,1
17824.0,50.0,1,298.4,0
17825.0,598.0,4,731.96,1
17826.0,373.0,1,134.59,1
17827.0,4.0,6,2388.05,0
17828.0,22.0,4,1820.09,0
17829.0,298.0,5,4756.74,1
17830.0,1.0,3,398.7,0
17831.0,32.0,1,35.4,0
17832.0,49.0,1,155.37,0
17833.0,722.0,1,342.36,1
17834.0,414.0,2,730.47,1
17835.0,2.0,3,350.64,0
17836.0,46.0,1,110.21,0
17837.0,41.0,8,1593.38,0
17838.0,26.0,13,6722.9,0
17839.0,41.0,1,338.8,0
17840.0,443.0,1,185.72,1
17841.0,1.0,211,70884.07,2
17842.0,601.0,1,430.69,1
17843.0,302.0,2,326.23,1
17844.0,106.0,1,51.56,0
17845.0,554.0,4,598.19,1
17846.0,84.0,1,2033.1,0
17847.0,515.0,2,129.69,1
17848.0,80.0,30,3650.9,0
17849.0,217.0,8,1063.76,0
17850.0,371.0,155,56600.08,2
17851.0,421.0,6,1563.34,1
17852.0,11.0,5,663.21,0
17853.0,406.0,3,1608.19,1
17854.0,184.0,6,1071.45,0
17855.0,372.0,1,417.94,1
17856.0,1.0,4,1418.03,0
17857.0,3.0,24,28682.24,0
17858.0,5.0,30,12797.65,0
17859.0,304.0,1,148.21,1
17860.0,368.0,4,1015.54,1
17861.0,2.0,18,5127.69,0
17862.0,323.0,4,1279.09,1
17863.0,58.0,12,5745.2,0
17864.0,12.0,5,924.32,0
17865.0,30.0,46,26374.39,0
17866.0,142.0,3,1134.95,0
17867.0,29.0,15,1621.28,0
17868.0,385.0,1,234.65,1
17869.0,106.0,7,1036.16,0
17870.0,1.0,13,3108.15,0
17871.0,204.0,5,1118.99,0
17872.0,381.0,1,235.87,1
17873.0,79.0,18,6515.88,0
17874.0,184.0,6,683.46,0
17875.0,687.0,1,167.1,1
17876.0,399.0,3,3424.02,1
17877.0,169.0,1,237.61,0
17878.0,43.0,3,1412.33,0
17879.0,173.0,1,178.52,0
17880.0,364.0,3,824.92,1
17881.0,303.0,1,133.35,1
17882.0,378.0,2,313.46,1
17883.0,2.0,7,995.85,0
17884.0,3.0,20,3072.89,0
17885.0,11.0,1,190.19,0
17886.0,31.0,6,1608.38,0
17887.0,128.0,1,111.35,0
17888.0,20.0,25,1820.44,0
17889.0,211.0,7,774.87,0
17890.0,322.0,2,602.09,1
17891.0,161.0,1,203.86,0
17892.0,55.0,3,244.1,0
17893.0,224.0,1,112.25,0
17894.0,71.0,18,2453.38,0
17895.0,43.0,1,98.0,0
17896.0,22.0,1,256.32,0
17897.0,172.0,9,2585.0,0
17898.0,84.0,4,299.18,0
17899.0,158.0,1,155.8,0
17900.0,189.0,2,112.2,0
17901.0,28.0,3,260.08,0
17902.0,546.0,1,216.4,1
17903.0,393.0,1,381.09,1
17904.0,20.0,1,191.67,0
17905.0,70.0,13,2383.52,0
17906.0,246.0,1,72.9,0
17907.0,640.0,1,291.76,1
17908.0,373.0,5,1411.54,1
17909.0,736.0,1,132.55,1
17910.0,725.0,1,261.7,1
17911.0,8.0,1,366.23,0
17912.0,309.0,6,375.5,1
17913.0,58.0,14,3479.64,0
17914.0,3.0,1,336.43,0
17915.0,550.0,1,242.13,1
17916.0,628.0,2,43.87,1
17917.0,44.0,3,341.28,0
17918.0,500.0,3,396.39,1
17919.0,87.0,2,1840.32,0
17920.0,3.0,54,24516.46,0
17921.0,63.0,10,2423.5,0
17922.0,542.0,1,170.4,1
17923.0,281.0,3,497.0,1
17924.0,11.0,8,3536.7,0
17925.0,372.0,1,488.16,1
17926.0,132.0,5,1035.49,0
17927.0,721.0,1,294.0,1
17928.0,44.0,3,341.24,0
17929.0,10.0,12,3082.1,0
17930.0,35.0,13,4275.22,0
17931.0,133.0,14,3437.29,0
17932.0,28.0,3,1331.57,0
17933.0,631.0,1,114.69,1
17934.0,51.0,3,1049.15,0
17935.0,137.0,7,686.14,0
17936.0,4.0,1,389.84,0
17937.0,8.0,7,4301.22,0
17938.0,419.0,1,144.29,1
17939.0,159.0,1,99.14,0
17940.0,48.0,16,30393.19,0
17941.0,130.0,4,1433.28,0
17942.0,7.0,1,77.5,0
17944.0,422.0,1,75.41,1
17945.0,696.0,3,360.35,1
17946.0,232.0,2,149.58,0
17947.0,36.0,1,176.68,0
17948.0,146.0,1,358.56,0
17949.0,0.0,118,118628.08,2
17950.0,71.0,7,1432.81,0
17951.0,39.0,4,1636.08,0
17952.0,377.0,4,819.61,1
17953.0,539.0,1,160.82,1
17954.0,4.0,19,3966.05,0
17955.0,198.0,6,949.9,0
17956.0,248.0,1,12.75,1
17957.0,65.0,1,111.68,0
17958.0,116.0,2,973.88,0
17959.0,591.0,1,140.75,1
17960.0,170.0,3,135.08,0
17961.0,20.0,100,2995.54,0
17962.0,141.0,4,687.42,0
17963.0,470.0,4,651.51,1
17964.0,31.0,2,733.46,0
17965.0,37.0,29,7240.98,0
17966.0,37.0,10,1974.42,0
17967.0,371.0,2,357.29,1
17968.0,373.0,4,888.04,1
17969.0,165.0,20,2369.94,0
17970.0,210.0,1,582.59,0
17971.0,547.0,1,161.94,1
17972.0,241.0,1,136.04,0
17973.0,51.0,1,337.04,0
17974.0,24.0,6,1858.06,0
17975.0,14.0,24,7028.83,0
17976.0,371.0,1,706.38,1
17977.0,28.0,2,1565.63,0
17978.0,364.0,4,1461.76,1
17979.0,35.0,4,757.71,0
17980.0,165.0,4,1033.42,0
17981.0,410.0,1,239.12,1
17982.0,680.0,1,138.18,1
17983.0,394.0,1,171.71,1
17984.0,144.0,5,1191.27,0
17985.0,21.0,1,634.95,0
17986.0,55.0,1,20.8,0
17987.0,184.0,5,1003.64,0
17988.0,11.0,14,489.54,0
17989.0,378.0,1,228.83,1
17990.0,236.0,6,1527.61,0
17991.0,224.0,3,320.55,0
17992.0,388.0,1,254.13,1
17993.0,616.0,1,235.19,1
17994.0,121.0,11,2313.32,0
17995.0,281.0,3,495.48,1
17996.0,379.0,3,482.33,1
17997.0,73.0,8,1970.67,0
17998.0,379.0,3,639.24,1
17999.0,36.0,3,730.9,0
18000.0,563.0,1,124.25,1
18001.0,11.0,6,953.84,0
18002.0,375.0,4,249.92,1
18003.0,375.0,1,358.61,1
18004.0,361.0,1,169.47,1
18005.0,3.0,2,249.72,0
18006.0,22.0,4,997.86,0
18007.0,392.0,1,220.32,1
18008.0,69.0,23,19787.13,0
18009.0,234.0,8,2155.83,0
18010.0,256.0,1,174.8,1
18011.0,372.0,2,527.03,1
18012.0,722.0,1,115.3,1
18013.0,154.0,2,187.29,0
18014.0,27.0,1,166.42,0
18015.0,3.0,1,120.03,0
18016.0,31.0,7,1960.46,0
18017.0,80.0,4,688.0,0
18018.0,107.0,4,297.99,0
18019.0,51.0,1,38.45,0
18020.0,543.0,1,190.48,1
18021.0,509.0,2,227.06,1
18022.0,35.0,5,1651.79,0
18024.0,152.0,2,389.78,0
18025.0,379.0,6,1177.72,1
18026.0,500.0,2,2074.07,1
18027.0,98.0,1,115.31,0
18028.0,582.0,1,192.05,1
18029.0,641.0,1,433.77,1
18030.0,3.0,2,230.65,0
18031.0,378.0,1,462.1,1
18032.0,333.0,1,73.5,1
18033.0,64.0,1,97.97,0
18034.0,21.0,3,793.7,0
18035.0,35.0,5,1276.74,0
18036.0,31.0,11,1563.64,0
18037.0,153.0,15,167.42,0
18038.0,555.0,1,149.41,1
18039.0,373.0,4,579.17,1
18040.0,18.0,2,357.2,0
18041.0,11.0,38,8752.38,0
18042.0,53.0,2,281.15,0
18043.0,24.0,3,875.97,0
18044.0,3.0,18,3505.61,0
18045.0,44.0,1,189.4,0
18046.0,649.0,1,189.63,1
18047.0,380.0,2,342.69,1
18048.0,202.0,3,401.73,0
18049.0,436.0,2,556.52,1
18050.0,358.0,2,412.06,1
18051.0,633.0,7,2282.28,1
18052.0,564.0,1,10877.18,1
18053.0,70.0,3,571.07,0
18054.0,392.0,1,176.5,1
18055.0,6.0,14,11195.57,0
18056.0,287.0,2,554.6,1
18057.0,392.0,3,1203.56,1
18058.0,9.0,3,774.06,0
18059.0,22.0,3,306.46,0
18060.0,407.0,2,1185.46,1
18061.0,21.0,28,6488.97,0
18062.0,172.0,6,1632.67,0
18063.0,390.0,2,186.6,1
18064.0,132.0,11,4495.03,0
18065.0,5.0,29,5866.63,0
18066.0,74.0,3,1440.4,0
18067.0,39.0,1,396.33,0
18068.0,288.0,1,101.7,1
18069.0,25.0,11,4540.56,0
18070.0,668.0,1,314.1,1
18071.0,257.0,6,1428.63,0
18072.0,185.0,1,247.44,0
18073.0,113.0,12,3877.52,0
18074.0,373.0,2,1509.04,1
18075.0,22.0,20,5783.29,0
18076.0,379.0,1,151.49,1
18077.0,7.0,18,4338.56,0
18078.0,216.0,4,844.6,0
18079.0,44.0,5,4242.75,0
18080.0,18.0,2,1231.5,0
18081.0,35.0,3,343.45,0
18082.0,25.0,1,703.37,0
18083.0,397.0,1,470.73,1
18084.0,15.0,3,812.93,0
18085.0,329.0,4,1645.75,1
18086.0,273.0,1,101.34,1
18087.0,97.0,17,14761.52,0
18088.0,60.0,1,167.67,0
18089.0,446.0,1,428.45,1
18090.0,421.0,1,349.4,1
18091.0,592.0,1,360.85,1
18092.0,1.0,18,16179.44,0
18093.0,92.0,8,4452.71,0
18094.0,81.0,13,6391.52,0
18095.0,312.0,5,2303.09,1
18096.0,11.0,6,1805.28,0
18097.0,7.0,11,4663.32,0
18098.0,395.0,1,550.84,1
18099.0,126.0,1,168.31,0
18100.0,549.0,1,451.56,1
18101.0,10.0,5,629.16,0
18102.0,0.0,145,608821.65,2
18103.0,548.0,1,105.8,1
18104.0,36.0,1,754.64,0
18105.0,37.0,1,113.48,0
18106.0,329.0,6,1461.46,1
18107.0,441.0,1,167.13,1
18108.0,253.0,3,848.81,0
18109.0,1.0,38,9893.96,0
18110.0,19.0,2,435.43,0
18111.0,588.0,1,405.85,1
18112.0,11.0,4,775.96,0
18113.0,368.0,1,152.64,1
18114.0,289.0,1,220.1,1
18115.0,697.0,1,9.7,1
18116.0,67.0,13,2154.3,0
18117.0,25.0,1,320.72,0
18118.0,10.0,29,6733.22,0
18119.0,367.0,1,362.24,1
18120.0,213.0,1,111.15,0
18121.0,148.0,2,673.1,0
18122.0,7.0,6,1826.21,0
18123.0,23.0,3,684.59,0
18124.0,471.0,1,111.53,1
18125.0,29.0,4,1142.99,0
18126.0,60.0,1,206.83,0
18127.0,18.0,4,561.53,0
18128.0,536.0,1,420.04,1
18129.0,242.0,1,112.55,0
18130.0,14.0,3,1059.39,0
18131.0,631.0,1,222.96,1
18132.0,503.0,1,226.9,1
18133.0,211.0,1,931.5,0
18134.0,597.0,2,445.0,1
18135.0,28.0,10,1249.62,0
18136.0,62.0,5,1631.36,0
18137.0,550.0,2,145.99,1
18138.0,294.0,1,152.65,1
18139.0,17.0,6,8438.34,0
18140.0,473.0,1,536.41,1
18141.0,401.0,2,882.47,1
18142.0,156.0,2,1019.52,0
18143.0,116.0,2,1000.16,0
18144.0,7.0,19,5058.0,0
18145.0,12.0,11,5617.79,0
18146.0,140.0,2,160.35,0
18147.0,45.0,2,179.34,0
18148.0,646.0,1,114.1,1
18149.0,50.0,7,1624.71,0
18150.0,31.0,3,566.58,0
18151.0,134.0,6,1879.44,0
18152.0,645.0,1,426.69,1
18153.0,658.0,1,246.22,1
18154.0,2.0,5,932.6,0
18155.0,74.0,3,371.62,0
18156.0,12.0,2,941.17,0
18157.0,570.0,1,215.35,1
18158.0,8.0,2,453.4,0
18159.0,300.0,1,530.15,1
18160.0,56.0,3,1003.88,0
18161.0,14.0,6,1803.1,0
18162.0,731.0,1,379.16,1
18163.0,583.0,1,728.84,1
18164.0,36.0,1,399.65,0
18165.0,176.0,1,302.46,0
18166.0,623.0,1,175.5,1
18167.0,22.0,3,1384.86,0
18168.0,175.0,16,3770.27,0
18169.0,60.0,1,202.65,0
18170.0,32.0,9,2878.0,0
18171.0,58.0,9,2437.31,0
18172.0,14.0,52,17479.84,0
18173.0,86.0,5,2696.36,0
18174.0,6.0,2,162.5,0
18175.0,675.0,1,176.1,1
18176.0,357.0,1,476.35,1
18177.0,30.0,9,2216.87,0
18178.0,128.0,11,6103.74,0
18179.0,8.0,8,2547.55,0
18180.0,4.0,6,1843.75,0
18181.0,23.0,5,1205.94,0
18182.0,462.0,1,291.13,1
18183.0,226.0,2,632.07,0
18184.0,14.0,1,49.8,0
18185.0,248.0,1,304.25,1
18186.0,722.0,1,329.58,1
18187.0,631.0,1,724.89,1
18188.0,14.0,6,3280.59,0
18189.0,77.0,3,1403.73,0
18190.0,191.0,5,745.62,0
18191.0,261.0,2,529.4,1
18192.0,71.0,1,957.97,0
18193.0,164.0,3,1207.35,0
18194.0,81.0,6,4162.04,0
18195.0,386.0,1,101.16,1
18196.0,94.0,4,1464.31,0
18197.0,575.0,1,230.1,1
18198.0,3.0,17,5425.56,0
18199.0,683.0,1,344.75,1
18200.0,105.0,1,163.8,0
18201.0,722.0,1,447.53,1
18202.0,199.0,3,1396.99,0
18203.0,156.0,4,504.42,0
18204.0,70.0,3,1993.7,0
18205.0,35.0,2,517.36,0
18206.0,552.0,1,314.66,1
18207.0,498.0,1,544.47,1
18208.0,565.0,1,360.08,1
18209.0,28.0,1,139.1,0
18210.0,1.0,7,2768.83,0
18211.0,25.0,5,600.07,0
18212.0,325.0,2,546.72,1
18213.0,236.0,1,232.48,0
18214.0,530.0,4,1780.34,1
18215.0,88.0,5,2247.49,0
18216.0,30.0,1,481.75,0
18217.0,28.0,4,945.04,0
18218.0,210.0,4,1142.0,0
18219.0,2.0,17,3562.89,0
18220.0,226.0,6,1921.76,0
18221.0,21.0,6,1424.94,0
18222.0,92.0,1,443.0,0
18223.0,4.0,26,14000.85,0
18224.0,263.0,1,158.95,1
18225.0,2.0,26,13054.26,0
18226.0,43.0,26,11878.88,0
18227.0,217.0,2,388.75,0
18228.0,56.0,2,779.9,0
18229.0,11.0,28,10803.71,0
18230.0,8.0,9,4291.06,0
18231.0,191.0,28,6880.97,0
18232.0,81.0,4,592.97,0
18233.0,325.0,1,440.0,1
18234.0,551.0,1,179.6,1
18235.0,71.0,3,1796.48,0
18236.0,29.0,12,1795.35,0
18237.0,2.0,5,987.1,0
18238.0,514.0,1,270.92,1
18239.0,218.0,6,2150.36,0
18240.0,45.0,1,422.58,0
18241.0,9.0,21,2986.99,0
18242.0,71.0,8,3605.21,0
18243.0,413.0,1,515.78,1
18244.0,430.0,2,568.64,1
18245.0,6.0,20,6324.98,0
18246.0,23.0,3,758.82,0
18247.0,414.0,3,839.73,1
18248.0,122.0,2,804.02,0
18249.0,16.0,1,95.34,0
18250.0,309.0,1,349.27,1
18251.0,86.0,9,26278.86,0
18252.0,50.0,7,1542.09,0
18253.0,642.0,1,317.88,1
18254.0,580.0,1,267.9,1
18255.0,88.0,2,303.15,0
18256.0,387.0,1,110.7,1
18257.0,38.0,12,4600.15,0
18258.0,463.0,6,2059.67,1
18259.0,24.0,7,4318.2,0
18260.0,172.0,23,9962.11,0
18261.0,42.0,2,324.24,0
18262.0,139.0,3,577.54,0
18263.0,25.0,3,1213.16,0
18264.0,498.0,1,603.25,1
18265.0,71.0,2,801.51,0
18266.0,433.0,1,251.1,1
18267.0,672.0,1,269.37,1
18268.0,133.0,6,1490.23,0
18269.0,365.0,1,337.2,1
18270.0,37.0,3,444.55,0
18271.0,609.0,2,680.85,1
18272.0,2.0,9,4385.98,0
18273.0,1.0,4,357.0,0
18274.0,29.0,1,175.92,0
18275.0,577.0,2,741.85,1
18276.0,43.0,6,1656.52,0
18277.0,57.0,5,1180.05,0
18278.0,73.0,2,414.2,0
18279.0,518.0,1,231.34,1
18280.0,277.0,2,488.15,1
18281.0,180.0,2,201.14,0
18282.0,7.0,2,178.05,0
18283.0,3.0,22,2736.65,0
18284.0,431.0,1,461.68,1
18285.0,660.0,1,427.0,1
18286.0,476.0,2,1296.43,1
18287.0,42.0,7,4182.99,0
